Seouljongnooffice,Seouljongno jibong5load 5,Seouljongno changsin 237,multi,3,200,360,30,15-Dec,02-2148-4301,37.574241,127.015142,2018-02-09
Seouljongnooffice,Seouljongno changsin4stload 18,Seouljongno changsin 647-9,prevention,3,200,360,30,15-Dec,02-2148-4301,37.5744464,127.010299,2018-02-09
Seouljongnooffice,Seouljongno changsin11load 26,Seouljongno changsin 23-557,prevention,3,200,360,30,15-Dec,02-2148-4301,37.578591,127.010297,2018-02-09
Seouljongnooffice,Seouljongno jibong5load 43,Seouljongno changsin 114-2,prevention,2,200,360,30,15-Dec,02-2148-4301,37.575634,127.013983,2018-02-09
Seouljongnooffice,Seouljongno jibong 100-16,Seouljongno soongin 11-2,prevention,3,200,360,30,15-Dec,02-2148-4301,37.579356,127.015745,2018-02-09
Seouljongnooffice,Seouljongno dongmangmt1load 13,Seouljongno soongin 32-26,prevention,3,200,360,30,15-Dec,02-2148-4301,37.578975,127.017701,2018-02-09
Seouljongnooffice,Seouljongno jibong12stload 54,Seouljongno soongin 70-12,prevention,3,200,360,30,15-Dec,02-2148-4301,37.574895,127.016835,2018-02-09
Seouljongnooffice,Seouljongno jongno 351-6,Seouljongno soongin 97,prevention,3,200,360,30,15-Dec,02-2148-4301,37.573615,127.016547,2018-02-09
Seouljongnooffice,Seouljongno jongno57load 5-4,Seouljongno soongin 100-1,prevention,1,200,180,30,15-Dec,02-2148-4301,37.573557,127.016691,2018-02-09
Seouljongnooffice,Seouljongno soongin1stload 28,Seouljongno soongin 672,prevention,4,200,360,30,15-Dec,02-2148-4301,37.5778201,127.021516,2018-02-09
Seouljongnooffice,Seouljongno changgyeonggung31load 22,Seouljongno myunglyun2st 159-3,prevention,1,200,180,30,15-Dec,02-2148-4301,37.584274,126.998603,2018-02-09
Seouljongnooffice,Seouljongno soongin1-load 23-4,Seouljongno soongin 181-152,prevention,4,200,360,30,15-Dec,02-2148-4301,37.577001,127.018902,2018-02-09
Seouljongnooffice,Seouljongno jibong5load 7-5,Seouljongno changsin 222-8,prevention,3,200,180,30,15-Dec,02-2148-4301,37.573614,127.014415,2018-02-09
Seouljongnooffice,Seouljongno dongsunlaload 78-3,Seouljongno wonnam 265,prevention,3,200,360,30,15-Dec,02-2148-4301,37.574079,126.996355,2018-02-09
Seouljongnooffice,Seouljongno bomun3load 11,Seouljongno soongin 1147,prevention,3,200,360,30,15-Dec,02-2148-4301,37.576571,127.022696,2018-02-09
Seouljongnooffice,Seouljongno hongjimunload 28,Seouljongno hongji 69-3,prevention,4,200,360,30,15-Dec,02-2148-4301,37.6016577,126.957049,2018-02-09
Seouljongnooffice,Seouljongno jibong7load 23,Seouljongno changsin 67,prevention,3,200,360,30,15-Dec,02-2148-4301,37.5753611,127.015225,2018-02-09
Seouljongnooffice,Seouljongno sajik1-load 2-6,Seouljongno hangchon 210-174,prevention,4,200,360,30,15-Dec,02-2148-4301,37.574248,126.962736,2018-02-09
Seouljongnooffice,Seouljongno sajik1-load 11,Seouljongno hangchon 210-333,prevention,1,200,180,30,17-Sep,02-2148-4301,37.574215,126.962871,2018-02-09
Seouljongnooffice,Seouljongno jahamun42load 57,Seouljongno shinyoung 158-5,prevention,3,200,360,30,15-Dec,02-2148-4301,37.600351,126.962784,2018-02-09
Seouljongnooffice,Seouljongno baeksukload 259,Seouljongno buam 151,prevention,3,200,360,30,15-Dec,02-2148-4301,37.597277,126.966233,2018-02-09
Seouljongnooffice,Seouljongno myunglyun3load 10,Seouljongno myunglyun3st 1-28,prevention,3,200,360,30,15-Dec,02-2148-4301,37.588888,126.994202,2018-02-09
Seouljongnooffice,Seouljongno sungkyunkwan13load 13,Seouljongno myunglyun1st 7-2,prevention,4,200,360,30,15-Dec,02-2148-4301,37.589798,126.9969789,2018-02-09
Seouljongnooffice,Seouljongno okin6load 39,Seouljongno nusang 166-16,prevention,2,200,360,30,13-Dec,02-2148-4301,37.5803648,126.9648476,2018-02-09
Seouljongnooffice,Seouljongno okin6load 23,Seouljongno nusang 166-125,prevention,2,200,360,30,13-Dec,02-2148-4301,37.580918,126.964765,2018-02-09
Seouljongnooffice,Seouljongno okin6load 32,Seouljongno nusang 166-214,prevention,1,200,180,30,13-Dec,02-2148-4301,37.580905,126.964573,2018-02-09
Seouljongnooffice,Seouljongno okin3load 32-1,Seouljongno nusang 166-3,prevention,3,200,360,30,13-Dec,02-2148-4301,37.5799517,126.9656944,2018-02-09
Seouljongnooffice,Seouljongno okinload 40,Seouljongno okin 171-1,prevention,4,200,360,30,12-Feb,02-2148-4301,37.581068,126.966577,2018-02-09
Seouljongnooffice,Seouljongno filundae5-load 26,Seouljongno nusang 80,prevention,2,200,360,30,11-Apr,02-2148-4301,37.5800658,126.9669432,2018-02-09
Seouljongnooffice,Seouljongno filundae5-load 26,Seouljongno nusang 80,prevention,1,41,180,30,11-Apr,02-2148-4301,37.5800658,126.9669432,2018-02-09
Seouljongnooffice,Seouljongno jahamun23load 19,Seouljongno shinkyo 17-47,prevention,3,200,360,30,13-Dec,02-2148-4301,37.583301,126.969177,2018-02-09
Seouljongnooffice,Seouljongno filundae 116,Seouljongno shinkyo 59,prevention,2,200,360,30,13-Dec,02-2148-4301,37.5837314,126.9701915,2018-02-09
Seouljongnooffice,Seouljongno filundae13load 17-1,Seouljongno shinkyo 2-20,prevention,2,200,360,30,13-Dec,02-2148-4301,37.5849689,126.9666258,2018-02-09
Seouljongnooffice,Seouljongno okin6stload 8,Seouljongno nusang 166-114,prevention,3,200,360,30,13-Dec,02-2148-4301,37.5815663,126.964933,2018-02-09
Seouljongnooffice,Seouljongno jahamun14load 13,Seouljongno changsung 98-2,prevention,2,200,360,30,13-Dec,02-2148-4301,37.5806947,126.9716901,2018-02-09
Seouljongnooffice,Seouljongno jahamun30load 15,Seouljongno chungun 82,prevention,3,200,360,30,13-Dec,02-2148-4301,37.5855045,126.9707093,2018-02-09
Seouljongnooffice,Seouljongno jahamun33-load 28,Seouljongno chungun 52-50,prevention,2,200,360,30,13-Dec,02-2148-4301,37.5874034,126.9669442,2018-02-09
Seouljongnooffice,Seouljongno jahamun33stload 6,Seouljongno chungun 52-6,prevention,2,200,360,30,13-Dec,02-2148-4301,37.5866397,126.9684822,2018-02-09
Seouljongnooffice,Seouljongno jahamun33stload 27,Seouljongno chungun 53-76,prevention,2,200,360,30,11-Apr,02-2148-4301,37.5875512,126.9682904,2018-02-09
Seouljongnooffice,Seouljongno jahamun33stload 27,Seouljongno chungun 53-76,prevention,1,41,180,30,11-Apr,02-2148-4301,37.5875512,126.9682904,2018-02-09
Seouljongnooffice,Seouljongno jahamun33load 2,Seouljongno chungun 59-1,prevention,2,200,360,30,11-Apr,02-2148-4301,37.5861563,126.969818,2018-02-09
Seouljongnooffice,Seouljongno jahamun33stload 27,Seouljongno chungun 59-1,prevention,1,41,180,30,11-Apr,02-2148-4301,37.5874392,126.969818,2018-02-09
Seouljongnooffice,Seouljongno jahamun9load 29,Seouljongno nuha 217,prevention,3,200,360,30,11-Apr,02-2148-4301,37.5793889,126.9696358,2018-02-09
Seouljongnooffice,Seouljongno jahamun15load 26,Seouljongno tongin 31-25,prevention,2,200,360,30,13-Dec,02-2148-4301,37.5806769,126.9694099,2018-02-09
Seouljongnooffice,Seouljongno gyedong4load 19,Seouljongno gyedong 34-1,prevention,1,200,180,30,15-Dec,02-2148-4301,37.582416,126.987961,2018-02-09
Seouljongnooffice,Seouljongno jongno53load 22-4,Seouljongno changsin 197-27,prevention,3,200,360,30,15-Dec,02-2148-4301,37.573496,127.013926,2018-02-09
Seouljongnooffice,Seouljongno jahamun4load 14-14,Seouljongno tongui 35-44,prevention,3,200,360,30,15-Dec,02-2148-4301,37.5769824,126.9727589,2018-02-09
Seouljongnooffice,Seouljongno jahamun4load 14-8,Seouljongno tongui 35-45,prevention,1,200,180,30,15-Dec,02-2148-4301,37.577049,126.972905,2018-02-09
Seouljongnooffice,Seouljongno okin5load 7,Seouljongno okin 180,prevention,3,200,360,30,15-Dec,02-2148-4301,37.582428,126.964806,2018-02-09
Seouljongnooffice,Seouljongno gyeonghuigung3-load 2,Seouljongno sajik 311-6,prevention,4,200,360,30,15-Dec,02-2148-4301,37.573822,126.967213,2018-02-09
Seouljongnooffice,Seouljongno changgyeonggung26load 28,Seouljongno myunglyun4st 206-24,prevention,3,200,360,30,15-Dec,02-2148-4301,37.581804,126.999172,2018-02-09
Seouljongnooffice,Seouljongno changsin11load 61,Seouljongno changsin 23-470,prevention,3,200,360,30,15-Dec,02-2148-4301,37.577274,127.011564,2018-02-09
Seouljongnooffice,Seouljongno hyehwa8load 4,Seouljongno hyehwa 16-7,prevention,4,200,360,30,15-Dec,02-2148-4301,37.587898,127.0000974,2018-02-09
Seouljongnooffice,Seouljongno dongsung4load 17,Seouljongno dongsung 10,prevention,2,200,360,30,15-Dec,02-2148-4301,37.5835116,127.004644,2018-02-09
Seouljongnooffice,Seouljongno changdukggung4load 40,Seouljongno wonseo 76-42,prevention,3,200,360,30,15-Dec,02-2148-4301,37.582532,126.988169,2018-02-09
Seouljongnooffice,Seouljongno yulgog8load 37,Seouljongno walyong 42,prevention,3,200,360,30,15-Dec,02-2148-4301,37.575663,126.990911,2018-02-09
Seouljongnooffice,Seouljongno jahamun5load 35,Seouljongno fillun 176-1,prevention,2,200,360,30,15-Dec,02-2148-4301,37.577797,126.969932,2018-02-09
Seouljongnooffice,Seouljongno bibong2load 32,Seouljongno gugi 138-1,prevention,3,200,360,30,15-Dec,02-2148-4301,37.612496,126.958917,2018-02-09
Seouljongnooffice,Seouljongno pyeongchang6load 18,Seouljongno pyeongchang 489-1,prevention,3,200,360,30,15-Dec,02-2148-4301,37.614664,126.9711214,2018-02-09
Seouljongnooffice,Seouljongno jongno63-load 20,Seouljongno soongin 72-24,prevention,3,200,360,30,15-Dec,02-2148-4301,37.574054,127.017678,2018-02-09
Seouljongnooffice,Seouljongno jongno63load 5,Seouljongno soongin 72-11,prevention,4,200,360,30,15-Dec,02-2148-4301,37.574376,127.018632,2018-02-09
Seouljongnooffice,Seouljongno jongno63stload 22,Seouljongno soongin 178-178,prevention,2,200,360,30,15-Dec,02-2148-4301,37.575206,127.019111,2018-02-09
Seouljongnooffice,Seouljongno jongno63stload 17,Seouljongno soongin 72-168,prevention,1,200,180,30,15-Dec,02-2148-4301,37.574916,127.0189984,2018-02-09
Seouljongnooffice,Seouljongno jongno63stload 79,Seouljongno soongin 181-145,prevention,2,200,360,30,15-Dec,02-2148-4301,37.577312,127.018672,2018-02-09
Seouljongnooffice,Seouljongno jongno63stload 79,Seouljongno soongin 181-145,prevention,1,200,180,30,15-Dec,02-2148-4301,37.5773962,127.0186482,2018-02-09
Seouljongnooffice,Seouljongno chunggyechun 291,Seouljongno changsin 436-79,prevention,3,200,360,30,16-Dec,02-2148-4301,37.570081,127.009977,2018-02-09
Seouljongnooffice,Seouljongno yulgog13stload 28,Seouljongno yeongun 289-1,prevention,3,200,360,30,16-Dec,02-2148-4301,37.576772,126.999566,2018-02-09
Seouljongnooffice,Seouljongno jahamun7load 78,Seouljongno tongin 46-28,prevention,1,41,180,30,11-Apr,02-2148-4301,37.5804556,126.9687049,2018-02-09
Seouljongnooffice,Seouljongno jahamun7load 69,Seouljongno nuha 20,prevention,1,200,180,30,15-Dec,02-2148-4301,37.580224,126.969016,2018-02-09
Seouljongnooffice,Seouljongno filundae9load 5,Seouljongno okin 48,prevention,3,200,360,30,13-Dec,02-2148-4301,37.5822115,126.9672626,2018-02-09
Seouljongnooffice,Seouljongno filundae10load 16,Seouljongno shinkyo 6-13,prevention,1,130,360,30,11-Dec,02-2148-4301,37.583654,126.967892,2018-02-09
Seouljongnooffice,Seouljongno filundae10load 16,Seouljongno shinkyo 6-13,prevention,3,200,180,30,11-Dec,02-2148-4301,37.583654,126.967892,2018-02-09
Seouljongnooffice,Seouljongno sajik5load 29,Seouljongno sajik 287,prevention,2,200,360,30,13-Dec,02-2148-4301,37.5743985,126.9651299,2018-02-09
Seouljongnooffice,Seouljongno sajik5load 9-1,Seouljongno sajik 280-1,prevention,2,200,360,30,13-Dec,02-2148-4301,37.574335,126.965637,2018-02-09
Seouljongnooffice,Seouljongno inwangmt1load 29,Seouljongno sajik 304-36,prevention,2,200,360,30,13-Dec,02-2148-4301,37.5736182,126.9639237,2018-02-09
Seouljongnooffice,Seouljongno sejongdae 141,Seouljongno taepyeong1st 68-1,prevention,2,200,360,30,13-Dec,02-2148-4301,37.568989,126.976456,2018-02-09
Seouljongnooffice,Seouljongno filundae2load 16,Seouljongno chebu 104,prevention,2,200,360,30,13-Dec,02-2148-4301,37.5788121,126.9698937,2018-02-09
Seouljongnooffice,Seouljongno jahamun7load 78,Seouljongno tongin 46-28,prevention,3,200,360,30,11-Apr,02-2148-4301,37.5804556,126.9687049,2018-02-09
Seouljongnooffice,Seouljongno jahamun5stload 18,Seouljongno chebu 23-2,prevention,2,200,360,30,13-Dec,02-2148-4301,37.578288,126.970797,2018-02-09
Seouljongnooffice,Seouljongno jahamun1load 34,Seouljongno chebu 213,prevention,2,200,360,30,13-Dec,02-2148-4301,37.5765137,126.9705457,2018-02-09
Seouljongnooffice,Seouljongno hyoja7load 20,Seouljongno tongui 28-2,prevention,2,200,360,30,13-Dec,02-2148-4301,37.578604,126.973114,2018-02-09
Seouljongnooffice,Seouljongno jahamun8load 9,Seouljongno tongui 98,prevention,2,200,360,30,13-Dec,02-2148-4301,37.578806,126.972181,2018-02-09
Seouljongnooffice,Seouljongno filundae1load 7-6,Seouljongno fillun 32-2,prevention,2,200,360,30,13-Dec,02-2148-4301,37.5771619,126.9687502,2018-02-09
Seouljongnooffice,Seouljongno filundae1load 32,Seouljongno fillun 44,prevention,2,200,360,30,13-Dec,02-2148-4301,37.5778375,126.9676754,2018-02-09
Seouljongnooffice,Seouljongno semunan5load 14-1,Seouljongno dangju 44-3,prevention,3,200,360,30,13-Dec,02-2148-4301,37.5715476,126.974912,2018-02-09
Seouljongnooffice,Seouljongno semunan 105,Seouljongno sejongno 204-1,prevention,3,200,360,30,13-Dec,02-2148-4301,37.5705079,126.9763061,2018-02-09
Seouljongnooffice,Seouljongno hyehwa3load 20,Seouljongno myunglyun1st 49,prevention,1,41,360,30,05-Dec,02-2148-4301,37.586361,126.999203,2018-02-09
Seouljongnooffice,Seouljongno bukchon15load 27,Seouljongno samchung 158-18,prevention,2,200,360,30,13-Dec,02-2148-4301,37.585635,126.983875,2018-02-09
Seouljongnooffice,Seouljongno samchung9load 45,Seouljongno samchung 5,prevention,2,200,360,30,13-Dec,02-2148-4301,37.588246,126.9807319,2018-02-09
Seouljongnooffice,Seouljongno bukchon11load 74,Seouljongno samchung 35-119,prevention,3,200,360,30,13-Dec,02-2148-4301,37.5839378,126.9832846,2018-02-09
Seouljongnooffice,Seouljongno myunglyun6load 8-2,Seouljongno myunglyun3st mt2-8,prevention,3,200,360,30,16-Dec,02-2148-4301,37.590078,126.993082,2018-02-09
Seouljongnooffice,Seouljongno changsinload 191-27,Seouljongno changsin 615-124,prevention,3,200,360,30,16-Dec,02-2148-4301,37.579352,127.008739,2018-02-09
Seouljongnooffice,Seouljongno jibong12load 9,Seouljongno soongin 56-78,prevention,3,200,360,30,16-Dec,02-2148-4301,37.577074,127.016204,2018-02-09
Seouljongnooffice,Seouljongno soonginload 53-15,Seouljongno soongin 691,prevention,3,200,360,30,16-Dec,02-2148-4301,37.577381,127.021571,2018-02-09
Seouljongnooffice,Seouljongno sajik5load 36,Seouljongno sajik 284,prevention,3,200,360,30,16-Dec,02-2148-4301,37.573993,126.9648706,2018-02-09
Seouljongnooffice,Seouljongno sajik9load 15-25,Seouljongno sajik 262-197,prevention,3,200,360,30,16-Dec,02-2148-4301,37.576551,126.965679,2018-02-09
Seouljongnooffice,Seouljongno jahamun40load 19-2,Seouljongno buam 208-11,prevention,3,200,360,30,16-Dec,02-2148-4301,37.595577,126.964732,2018-02-09
Seouljongnooffice,Seouljongno changuimun5-load 2,Seouljongno buam 329-21,prevention,3,200,360,30,16-Dec,02-2148-4301,37.590962,126.9641706,2018-02-09
Seouljongnooffice,Seouljongno pyeongchang4load 21-2,Seouljongno pyeongchang 562-32,prevention,3,200,360,30,16-Dec,02-2148-4301,37.609613,126.963253,2018-02-09
Seouljongnooffice,Seouljongno pyeongchangload 44,Seouljongno gugi 17-13,prevention,3,200,360,30,16-Dec,02-2148-4301,37.607636,126.961544,2018-02-09
Seouljongnooffice,Seouljongno sungkyunkwan 40,Seouljongno myunglyun1st 83-5,prevention,3,200,360,30,16-Dec,02-2148-4301,37.586529,126.996745,2018-02-09
Seouljongnooffice,Seouljongno pyeongchangload 38,Seouljongno pyeongchang 345-63,prevention,3,200,360,30,16-Dec,02-2148-4301,37.607083,126.962253,2018-02-09
Seouljongnooffice,Seouljongno jinheung22load 47,Seouljongno gugi 50-5,prevention,3,200,360,30,16-Dec,02-2148-4301,37.605996,126.956637,2018-02-09
Seouljongnooffice,Seouljongno pyeongchangmunhwa 72-21,Seouljongno pyeongchang 192-1,prevention,3,200,360,30,16-Dec,02-2148-4301,37.606276,126.970315,2018-02-09
Seouljongnooffice,Seouljongno pyeongchang3load 13,Seouljongno pyeongchang 345-32,prevention,3,200,360,30,16-Dec,02-2148-4301,37.607078,126.964147,2018-02-09
Seouljongnooffice,Seouljongno changdukggung4load 12,Seouljongno wonseo 86-22,prevention,3,200,360,30,16-Dec,02-2148-4301,37.581889,126.9889912,2018-02-09
Seouljongnooffice,Seouljongno insa7load 6,Seouljongno kwanhun 197-24,prevention,3,200,360,30,16-Dec,02-2148-4301,37.573053,126.985715,2018-02-09
Seouljongnooffice,Seouljongno filundae 33-7,Seouljongno nuha 179-2,prevention,3,200,360,30,16-Dec,02-2148-4301,37.579057,126.968326,2018-02-09
Seouljongnooffice,Seouljongno nakmtload,Seouljongno changsin 611-36,prevention,3,200,360,30,16-Dec,02-2148-4301,37.580234,127.010482,2018-02-09
Seouljongnooffice,Seouljongno baeksuk2load 35-1,Seouljongno buam 61,prevention,3,200,360,30,16-Dec,02-2148-4301,37.598561,126.970309,2018-02-09
Seouljongnooffice,Seouljongno tongil18stload 39,Seouljongno muak mt 2-24,prevention,3,200,360,30,16-Dec,02-2148-4301,37.577549,126.959971,2018-02-09
Seouljongnooffice,Seouljongno donhwamun5stload 1,Seouljongno donui 137,prevention,3,200,360,30,16-Dec,02-2148-4301,37.570839,126.991698,2018-02-09
Seouljongnooffice,Seouljongno pyeongchang10load 5,Seouljongno pyeongchang 234-9,prevention,3,200,360,30,16-Dec,02-2148-4301,37.605437,126.967439,2018-02-09
Seouljongnooffice,Seouljongno bukchon11-load 30,Seouljongno samchung 35-63,prevention,3,200,360,30,13-Dec,02-2148-4301,37.5834412,126.9825954,2018-02-09
Seouljongnooffice,Seouljongno bukchon5-load 11,Seouljongno hwa 25-1,prevention,2,200,360,30,13-Dec,02-2148-4301,37.581104,126.982183,2018-02-09
Seouljongnooffice,Seouljongno bukchon5stload 12-19,Seouljongno hwa 87-2,prevention,1,41,180,30,11-Apr,02-2148-4301,37.5805912,126.9822047,2018-02-09
Seouljongnooffice,Seouljongno yunboseon load 10,Seouljongno angook 170,prevention,2,200,360,30,13-Dec,02-2148-4301,37.5766031,126.9843822,2018-02-09
Seouljongnooffice,Seouljongno jahamun40load 6,Seouljongno buam 208-40,prevention,2,200,360,30,13-Dec,02-2148-4301,37.595189,126.963993,2018-02-09
Seouljongnooffice,Seouljongno changuimun 145,Seouljongno buam 265-21,prevention,3,200,360,30,13-Dec,02-2148-4301,37.592786,126.964065,2018-02-09
Seouljongnooffice,Seouljongno baeksuk1load 2,Seouljongno buam 46-1,prevention,3,200,360,30,13-Dec,02-2148-4301,37.5942485,126.9682826,2018-02-09
Seouljongnooffice,Seouljongno baeksukload 232,Seouljongno buam 91,prevention,2,200,360,30,13-Dec,02-2148-4301,37.5980517,126.9670704,2018-02-09
Seouljongnooffice,Seouljongno segumjeong7-load 14,Seouljongno shinyoung 214-43,prevention,3,200,360,30,13-Dec,02-2148-4301,37.6037028,126.9599191,2018-02-09
Seouljongnooffice,Seouljongno pyeongchang1load 22,Seouljongno shinyoung 5-12,prevention,2,200,360,30,13-Dec,02-2148-4301,37.6051597,126.9626975,2018-02-09
Seouljongnooffice,Seouljongno bukchon11-load 26,Seouljongno samchung 35-169,prevention,2,200,360,30,13-Dec,02-2148-4301,37.5821066,126.9821919,2018-02-09
Seouljongnooffice,Seouljongno jahamun 302-5,Seouljongno hongji 103-17,prevention,2,200,360,30,13-Dec,02-2148-4301,37.5998149,126.959638,2018-02-09
Seouljongnooffice,Seouljongno segumjeong 209-16,Seouljongno hongji 36-25,prevention,3,200,360,30,13-Dec,02-2148-4301,37.5993978,126.9560793,2018-02-09
Seouljongnooffice,Seouljongno jahamun 303,Seouljongno hongji 126-1,prevention,2,200,360,30,13-Dec,02-2148-4301,37.5990568,126.9593008,2018-02-09
Seouljongnooffice,Seouljongno changuimun9stload 1,Seouljongno buam 382-14,prevention,1,130,360,30,11-Dec,02-2148-4301,37.592325,126.961303,2018-02-09
Seouljongnooffice,Seouljongno changuimun9stload 1,Seouljongno buam 382-14,prevention,2,200,180,30,11-Dec,02-2148-4301,37.592325,126.961303,2018-02-09
Seouljongnooffice,Seouljongno pyeongchang20load 51,Seouljongno pyeongchang 139-4,prevention,3,200,360,30,13-Dec,02-2148-4301,37.6112103,126.970096,2018-02-09
Seouljongnooffice,Seouljongno pyeongchang30load 31,Seouljongno pyeongchang 462-2,prevention,2,200,360,30,13-Dec,02-2148-4301,37.612514,126.9749041,2018-02-09
Seouljongnooffice,Seouljongno bibongload 48,Seouljongno gugi 139-11,prevention,3,200,360,30,13-Dec,02-2148-4301,37.6131269,126.9558748,2018-02-09
Seouljongnooffice,Seouljongno jinheung22-load 19,Seouljongno gugi 100-49,prevention,3,200,360,30,13-Dec,02-2148-4301,37.6068093,126.9572184,2018-02-09
Seouljongnooffice,Seouljongno jinheung22-load 56,Seouljongno gugi 260-14,prevention,2,200,360,30,13-Dec,02-2148-4301,37.606709,126.955233,2018-02-09
Seouljongnooffice,Seouljongno jinheung 445,Seouljongno gugi 88-40,prevention,2,200,360,30,13-Dec,02-2148-4301,37.607717,126.9580944,2018-02-09
Seouljongnooffice,Seouljongno pyeongchang11load 20,Seouljongno pyeongchang 352-4,prevention,3,200,360,30,13-Dec,02-2148-4301,37.606994,126.966337,2018-02-09
Seouljongnooffice,Seouljongno jahamun13load 14,Seouljongno tongin 89-24,prevention,3,200,360,30,16-Dec,02-2148-4301,37.580098,126.970482,2018-02-09
Seouljongnooffice,Seouljongno jahamun41load 13,Seouljongno buam 185-19,prevention,3,200,360,30,16-Dec,02-2148-4301,37.597087,126.961686,2018-02-09
Seouljongnooffice,Seouljongno filundae1load 49,Seouljongno fillun 22,prevention,3,200,360,30,16-Dec,02-2148-4301,37.578029,126.966773,2018-02-09
Seouljongnooffice,Seouljongno hongjimun2stload 16,Seouljongno hongji 34-15,prevention,3,200,360,30,16-Dec,02-2148-4301,37.600108,126.954983,2018-02-09
Seouljongnooffice,Seouljongno jongno56load 36,Seouljongno soongin 317-37,prevention,3,200,360,30,16-Dec,02-2148-4301,37.571634,127.016626,2018-02-09
Seouljongnooffice,Seouljongno jahamun33load 53,Seouljongno chungun 56-1,prevention,3,200,360,30,16-Dec,02-2148-4301,37.586629,126.966821,2018-02-09
Seouljongnooffice,Seouljongno jongno65load 9-17,Seouljongno soongin 178-83,prevention,3,200,360,30,16-Dec,02-2148-4301,37.575628,127.019556,2018-02-09
Seouljongnooffice,Seouljongno changsin6load 52,Seouljongno changsin 595-73,prevention,3,200,360,30,16-Dec,02-2148-4301,37.576498,127.011512,2018-02-09
Seouljongnooffice,Seouljongno jongno36load 9,Seouljongno jongno5st 231-14,prevention,3,200,360,30,16-Dec,02-2148-4301,37.570464,127.003982,2018-02-09
Seouljongnooffice,Seouljongno filundae9stload 33-2,Seouljongno okin 47-451,prevention,3,200,360,30,16-Dec,02-2148-4301,37.582994,126.965788,2018-02-09
Seouljongnooffice,Seouljongno yulgog10load 12,Seouljongno walyong 21,prevention,3,200,360,30,16-Dec,02-2148-4301,37.576838,126.990928,2018-02-09
Seouljongnooffice,Seouljongno yulgog19load 29,Seouljongno ehwa 9-28,prevention,3,200,360,30,17-Sep,02-2148-4301,37.576586,127.006559,2018-02-09
Seouljongnooffice,Seouljongno yulgog19stload 7-6,Seouljongno chungshin 5-22,prevention,3,200,360,30,17-Sep,02-2148-4301,37.575675,127.005975,2018-02-09
Seouljongnooffice,Seouljongno chungshinload 53,Seouljongno chungshin 25-14,prevention,3,200,360,30,17-Sep,02-2148-4301,37.575179,127.0072488,2018-02-09
Seouljongnooffice,Seouljongno yulgog23load 18-1,Seouljongno chungshin 5-69,prevention,3,200,360,30,17-Sep,02-2148-4301,37.575392,127.006549,2018-02-09
Seouljongnooffice,Seouljongno yulgog29load 10,Seouljongno jongno6st 203-3,prevention,3,200,360,30,17-Sep,02-2148-4301,37.574112,127.007482,2018-02-09
Seouljongnooffice,Seouljongno nakmtsungkwakseoload 5,Seouljongno jongno6st 12-6,prevention,3,200,360,30,17-Sep,02-2148-4301,37.573102,127.007861,2018-02-09
Seouljongnooffice,Seouljongno yulgog27load 5,Seouljongno chungshin 25-56,prevention,3,200,360,30,17-Sep,02-2148-4301,37.574398,127.006831,2018-02-09
Seouljongnooffice,Seouljongno sungkyunkwan3load 5,Seouljongno myunglyun3st 133,prevention,4,200,360,30,17-Sep,02-2148-4301,37.583611,126.997801,2018-02-09
Seouljongnooffice,Seouljongno myunglyun7load 36,Seouljongno myunglyun3st 1-907,prevention,3,200,360,30,17-Sep,02-2148-4301,37.590283,126.994835,2018-02-09
Seouljongnooffice,Seouljongno myunglyun7load 40,Seouljongno myunglyun3st 1-907,prevention,1,200,360,30,17-Sep,02-2148-4301,37.5902577,126.995073,2018-02-09
Seouljongnooffice,Seouljongno myunglyun3load 49-4,Seouljongno myunglyun3st 1-871,prevention,3,200,360,30,17-Sep,02-2148-4301,37.589744,126.992554,2018-02-09
Seouljongnooffice,Seouljongno myunglyun7load 14,Seouljongno myunglyun3st 1-984,prevention,3,200,360,30,17-Sep,02-2148-4301,37.590458,126.993872,2018-02-09
Seouljongnooffice,Seouljongno pyeongchangload 329,Seouljongno pyeongchang 437-6,prevention,3,200,360,30,13-Dec,02-2148-4301,37.6134556,126.9781151,2018-02-09
Seouljongnooffice,Seouljongno pyeongchang7load 29,Seouljongno pyeongchang 445-2,prevention,3,200,360,30,13-Dec,02-2148-4301,37.6165528,126.9756917,2018-02-09
Seouljongnooffice,Seouljongno pyeongchangload 268,Seouljongno pyeongchang 476-2,prevention,3,200,360,30,13-Dec,02-2148-4301,37.6147147,126.974348,2018-02-09
Seouljongnooffice,Seouljongno pyeongchangload 180-5,Seouljongno pyeongchang 523-8,prevention,2,200,360,30,13-Dec,02-2148-4301,37.612555,126.968287,2018-02-09
Seouljongnooffice,Seouljongno pyeongchang4load 38,Seouljongno pyeongchang 564,prevention,2,200,360,30,13-Dec,02-2148-4301,37.611074,126.962719,2018-02-09
Seouljongnooffice,Seouljongno pyeongchang26load 2,Seouljongno pyeongchang 99-55,prevention,1,130,360,30,11-Dec,02-2148-4301,37.6104148,126.9742319,2018-02-09
Seouljongnooffice,Seouljongno pyeongchang26load 2,Seouljongno pyeongchang 99-55,prevention,2,200,180,30,11-Dec,02-2148-4301,37.6104148,126.9742319,2018-02-09
Seouljongnooffice,Seouljongno pyeongchang14load 35,Seouljongno pyeongchang 131-8,prevention,1,130,360,30,11-Dec,02-2148-4301,37.6107946,126.9675169,2018-02-09
Seouljongnooffice,Seouljongno pyeongchang14load 35,Seouljongno pyeongchang 131-8,prevention,3,200,180,30,11-Dec,02-2148-4301,37.6107946,126.9675169,2018-02-09
Seouljongnooffice,Seouljongno tongil14load 19,Seouljongno muak 69-3,prevention,2,200,360,30,13-Dec,02-2148-4301,37.5754922,126.9578126,2018-02-09
Seouljongnooffice,Seouljongno pyeongchangload 23,Seouljongno pyeongchang 296-19,prevention,3,200,360,30,13-Dec,02-2148-4301,37.6063344,126.9635698,2018-02-09
Seouljongnooffice,Seouljongno tongil 246-2,Seouljongno muak 45-47,prevention,2,200,360,30,13-Dec,02-2148-4301,37.5744338,126.9582443,2018-02-09
Seouljongnooffice,Seouljongno tongil12load 23,Seouljongno muak 46-82,prevention,2,200,360,30,13-Dec,02-2148-4301,37.573805,126.960502,2018-02-09
Seouljongnooffice,Seouljongno tongil12load 92-1,Seouljongno muak 46-263,prevention,3,200,360,30,13-Dec,02-2148-4301,37.576465,126.961964,2018-02-09
Seouljongnooffice,Seouljongno tongil16load 13,Seouljongno muak 63-6,prevention,2,200,360,30,13-Dec,02-2148-4301,37.576459,126.956638,2018-02-09
Seouljongnooffice,Seouljongno sajik2load 8,Seouljongno hangchon 1-146,prevention,3,200,360,30,13-Dec,02-2148-4301,37.572669,126.964226,2018-02-09
Seouljongnooffice,Seouljongno songwall1load 71,Seouljongno hangchon 1-78,prevention,3,200,360,30,13-Dec,02-2148-4301,37.572862,126.965167,2018-02-09
Seouljongnooffice,Seouljongno sajik1-load 2,Seouljongno hangchon 171-112,prevention,4,200,360,30,13-Dec,02-2148-4301,37.5737506,126.9625347,2018-02-09
Seouljongnooffice,Seouljongno sajik1load 12,Seouljongno hangchon 171-42,prevention,3,200,360,30,13-Dec,02-2148-4301,37.572896,126.962546,2018-02-09
Seouljongnooffice,Seouljongno sajik1-load 30,Seouljongno hangchon 210-488,prevention,2,200,360,30,13-Dec,02-2148-4301,37.5751794,126.9624265,2018-02-09
Seouljongnooffice,Seouljongno sajik1-load 43,Seouljongno hangchon 210-67,prevention,3,200,360,30,13-Dec,02-2148-4301,37.575102,126.962929,2018-02-09
Seouljongnooffice,Seouljongno songwall1load 46,Seouljongno hongpa 2-3,prevention,1,130,360,30,11-Dec,02-2148-4301,37.5717861,126.9650111,2018-02-09
Seouljongnooffice,Seouljongno songwall1load 46,Seouljongno hongpa 2-3,prevention,3,200,180,30,11-Dec,02-2148-4301,37.5717861,126.9650111,2018-02-09
Seouljongnooffice,Seouljongno hyehwa6load 32,Seouljongno hyehwa 22-24,prevention,3,200,360,30,17-Sep,02-2148-4301,37.588087,127.001279,2018-02-09
Seouljongnooffice,Seouljongno hyehwa 2,Seouljongno hyehwa 108-1,prevention,4,200,360,30,17-Sep,02-2148-4301,37.586045,127.000817,2018-02-09
Seouljongnooffice,Seouljongno baeksukload 75,Seouljongno buam 29-12,prevention,3,200,360,30,17-Sep,02-2148-4301,37.594173,126.968669,2018-02-09
Seouljongnooffice,Seouljongno baeksukload 40,Seouljongno buam 48-4,prevention,3,200,360,30,17-Sep,02-2148-4301,37.593933,126.966783,2018-02-09
Seouljongnooffice,Seouljongno baeksukload 20-3,Seouljongno buam 48-35,prevention,3,200,360,30,17-Sep,02-2148-4301,37.593207,126.966545,2018-02-09
Seouljongnooffice,Seouljongno changuimun 143-10,Seouljongno buam 265-5,prevention,3,200,360,30,17-Sep,02-2148-4301,37.592184,126.964362,2018-02-09
Seouljongnooffice,Seouljongno changuimun3load 8,Seouljongno buam 253,prevention,3,200,360,30,17-Sep,02-2148-4301,37.592278,126.965679,2018-02-09
Seouljongnooffice,Seouljongno changuimun5-load 11,Seouljongno buam 332-13,prevention,3,200,360,30,17-Sep,02-2148-4301,37.591527,126.964637,2018-02-09
Seouljongnooffice,Seouljongno inwangmt1load 66,Seouljongno hangchon 210-490,prevention,3,200,360,30,17-Sep,02-2148-4301,37.576073,126.962371,2018-02-09
Seouljongnooffice,Seouljongno tongil12load 30-23,Seouljongno hangchon 210-678,prevention,3,200,360,30,17-Sep,02-2148-4301,37.573879,126.961071,2018-02-09
Seouljongnooffice,Seouljongno hyehwa12load 14-9,Seouljongno hyehwa 13-10,prevention,3,200,360,30,17-Sep,02-2148-4301,37.589444,127.000588,2018-02-09
Seouljongnooffice,Seouljongno sajik1load 22-13,Seouljongno hangchon 171-94,prevention,3,200,360,30,17-Sep,02-2148-4301,37.573405,126.962951,2018-02-09
Seouljongnooffice,Seouljongno songwall1load 44-30,Seouljongno hangchon 1-46,prevention,3,200,360,30,17-Sep,02-2148-4301,37.572423,126.965298,2018-02-09
Seouljongnooffice,Seouljongno myunglyun3load 49-11,Seouljongno myunglyun3st 1-240,prevention,3,200,360,30,17-Sep,02-2148-4301,37.589542,126.992255,2018-02-09
Seouljongnooffice,Seouljongno myunglyun3load 41,Seouljongno myunglyun3st 1-236,prevention,3,200,360,30,17-Sep,02-2148-4301,37.589695,126.9928,2018-02-09
Seouljongnooffice,Seouljongno myunglyun9load 22,Seouljongno myunglyun3st 1-1005,prevention,2,200,360,30,17-Sep,02-2148-4301,37.591081,126.994025,2018-02-09
Seouljongnooffice,Seouljongno walyongparkload 192,Seouljongno myunglyun3st mt2-14 (walyongpark),prevention,1,41,360,30,11-Nov,02-2148-4301,37.59116878,126.990122,2018-02-09
Seouljongnooffice,Seouljongno walyongparkload 192,Seouljongno myunglyun3st mt2-14 (walyongpark),prevention,1,41,360,30,12-Aug,02-2148-4301,37.591208,126.989959,2018-02-09
Seouljongnooffice,Seouljongno walyongparkload 192,Seouljongno myunglyun3st mt2-14 (walyongpark),prevention,1,41,360,30,12-Aug,02-2148-4301,37.59116878,126.992858,2018-02-09
Seouljongnooffice,Seouljongno walyongparkload 192,Seouljongno myunglyun3st mt2-14 (walyongpark),prevention,1,41,360,30,12-Aug,02-2148-4301,37.592161,126.996075,2018-02-09
Seouljongnooffice,Seouljongno okinload,Seouljongno okin 185-3 (suseong_valley),prevention,1,41,360,30,12-Feb,02-2148-4301,37.582144,126.9637,2018-02-09
Seouljongnooffice,Seouljongno okinload,Seouljongno okin 185-3 (suseong_valley),prevention,1,41,360,30,12-Feb,02-2148-4301,37.582513,126.963871,2018-02-09
Seouljongnooffice,Seouljongno orthopedicload 5,Seouljongno kyonam 7,prevention,3,200,180,30,11-Dec,02-2148-4301,37.567387,126.965804,2018-02-09
Seouljongnooffice,Seouljongno bukchon11load 33,Seouljongno stheoi 33-13,prevention,2,200,360,30,13-Dec,02-2148-4301,37.582327,126.983554,2018-02-09
Seouljongnooffice,Seouljongno gyedongload 69,Seouljongno gyedong 79-7,prevention,2,200,360,30,13-Dec,02-2148-4301,37.580421,126.986747,2018-02-09
Seouljongnooffice,Seouljongno gyedong4load 9,Seouljongno gyedong 29,prevention,2,200,360,30,13-Dec,02-2148-4301,37.582238,126.987387,2018-02-09
Seouljongnooffice,Seouljongno changdukggung1stload 26,Seouljongno wonseo 135-108,prevention,2,200,360,30,13-Dec,02-2148-4301,37.5803635,126.9884401,2018-02-09
Seouljongnooffice,Seouljongno changdukggungload 49,Seouljongno wonseo 129-5,prevention,2,200,360,30,13-Dec,02-2148-4301,37.5796169,126.9892684,2018-02-09
Seouljongnooffice,Seouljongno changdukggungload 146-1,Seouljongno wonseo 4-11,prevention,2,200,360,30,13-Dec,02-2148-4301,37.583081,126.987789,2018-02-09
Seouljongnooffice,Seouljongno changdukggungload 118,Seouljongno wonseo 46,prevention,2,200,360,30,13-Dec,02-2148-4301,37.5825872,126.9893204,2018-02-09
Seouljongnooffice,Seouljongno changdukggung4load 3,Seouljongno wonseo 86-16,prevention,1,130,360,30,12-Feb,02-2148-4301,37.5816256,126.9891318,2018-02-09
Seouljongnooffice,Seouljongno changdukggung4load 3,Seouljongno wonseo 86-16,prevention,2,200,180,30,12-Feb,02-2148-4301,37.5816256,126.9891318,2018-02-09
Seouljongnooffice,Seouljongno orthopedicload 5,Seouljongno kyonam 7,prevention,1,130,360,30,11-Dec,02-2148-4301,37.567387,126.965804,2018-02-09
Seouljongnooffice,Seouljongno changdukggung3load 7,Seouljongno wonseo 135-20,prevention,3,200,360,30,13-Dec,02-2148-4301,37.5812477,126.988776,2018-02-09
Seouljongnooffice,Seouljongno changdukggung3-load 5,Seouljongno wonseo 135-59,prevention,1,200,180,30,16-Dec,02-2148-4301,37.581507,126.988509,2018-02-09
Seouljongnooffice,Seouljongno donhwamun9load 10-4,Seouljongno donui 103-118,prevention,2,200,360,30,13-Dec,02-2148-4301,37.571989,126.990991,2018-02-09
Seouljongnooffice,Seouljongno donhwamun9stload 5-6,Seouljongno donui 103-86,prevention,3,200,360,30,13-Dec,02-2148-4301,37.572009,126.9905533,2018-02-09
Seouljongnooffice,Seouljongno supyo28load 45,Seouljongno iksun 160-3,prevention,3,200,360,30,13-Dec,02-2148-4301,37.573266,126.990771,2018-02-09
Seouljongnooffice,Seouljongno jongno30load 9,Seouljongno yeji 46,prevention,2,200,360,30,13-Dec,02-2148-4301,37.5700749,126.9970459,2018-02-09
Seouljongnooffice,Seouljongno supyo 89,Seouljongno kwansu 157-1,prevention,3,200,360,30,13-Dec,02-2148-4301,37.5692068,126.9894584,2018-02-09
Seouljongnooffice,Seouljongno baeksuk3load 29,Seouljongno buam 95-10,prevention,2,200,360,30,13-Dec,02-2148-4301,37.5972455,126.9674441,2018-02-09
Seouljongnooffice,Seouljongno baeksuk3load 20,Seouljongno buam 95-53,prevention,2,200,180,30,13-Dec,02-2148-4301,37.596929,126.966812,2018-02-09
Seouljongnooffice,Seouljongno supyo 130,Seouljongno nakwon 100-1,prevention,1,130,360,30,12-Feb,02-2148-4301,37.5727066,126.988635,2018-02-09
Seouljongnooffice,Seouljongno insaload 20-22,Seouljongno insa 34-15,prevention,3,200,360,30,13-Dec,02-2148-4301,37.572623,126.987428,2018-02-09
Seouljongnooffice,Seouljongno hyehwa3load 55,Seouljongno myunglyun2st 64-1,prevention,1,41,360,30,05-Dec,02-2148-4301,37.586056,126.997553,2018-02-09
Seouljongnooffice,Seouljongno okinload,Seouljongno okin 185-3 (suseong_valley),prevention,1,41,360,30,12-Feb,02-2148-4301,37.583002,126.96201,2018-02-09
Seouljongnooffice,Seouljongno dongmangmtload 150,Seouljongno soongin 58-228 (sunginpark),prevention,1,41,360,30,12-Aug,02-2148-4301,37.578101,127.017751,2018-02-09
Seouljongnooffice,Seouljongno dongmangmtload 150,Seouljongno soongin 58-228 (sunginpark),prevention,1,41,360,30,12-Aug,02-2148-4301,37.5774818,127.018381,2018-02-09
Seouljongnooffice,Seouljongno dongmangmtload 150,Seouljongno soongin 58-228 (sunginpark),prevention,1,200,360,30,12-Aug,02-2148-4301,37.575513,127.0182146,2018-02-09
Seouljongnooffice,Seouljongno jahamun35load,Seouljongno chungun 7-6 (inwangmtchungunpark),prevention,1,130,360,30,12-Aug,02-2148-4301,37.591294,126.966323,2018-02-09
Seouljongnooffice,Seouljongno jahamun35load,Seouljongno chungun 7-6 (inwangmtchungunpark),prevention,1,130,360,30,12-Aug,02-2148-4301,37.589449,126.96531,2018-02-09
Seouljongnooffice,Seouljongno bukakmt 267,Seouljongno pyeongchang mt6-17 (bukakmt octagonal),prevention,1,130,360,30,12-Aug,02-2148-4301,37.601845,126.981154,2018-02-09
Seouljongnooffice,Seouljongno inwangmt 15,Seouljongno nusang mt1-38 (inwangmtpark inwangbadminton),prevention,1,200,360,30,13-Dec,02-2148-4301,37.578896,126.9660054,2018-02-09
Seouljongnooffice,Seouljongno okin6load 26-17,Seouljongno nusang mt1-3 (inwangmtpark nusangdistrict gym),prevention,1,200,360,30,13-Dec,02-2148-4301,37.579652,126.964202,2018-02-09
Seouljongnooffice,Seouljongno changuimun 119 (inwangmtcitynaturalpark yoondongjulibrary top),Seouljongno chungun 3-148 (inwangmtpark yoondongjulibrary),prevention,1,200,360,30,13-Dec,02-2148-4301,37.592123,126.967374,2018-02-09
Seouljongnooffice,Seouljongno okinload,Seouljongno okin 185-3 (suseong_valley),prevention,1,41,360,30,12-Feb,02-2148-4301,37.582416,126.962273,2018-02-09
Seouljongnooffice,Seouljongno inwangmt1load,Seouljongno sajik mt1-10 (sajikpark observatory),prevention,1,200,360,30,13-Dec,02-2148-4301,37.575322,126.963582,2018-02-09
Seouljongnooffice,Seouljongno sajik9load 15-32 (sajikpark perhead around),,prevention,1,200,360,30,13-Dec,02-2148-4301,37.576618,126.9639534,2018-02-09
Seouljongnooffice,Seouljongno semunan 55 (gyeonghuigungpark shelter),,prevention,1,200,360,30,13-Dec,02-2148-4301,37.570144,126.9705312,2018-02-09
Seouljongnooffice,Seouljongno yulgog 283 (dongdeamunsungkwakpark samojung around),,prevention,1,200,360,30,13-Dec,02-2148-4301,37.572536,127.008603,2018-02-09
Seouljongnooffice,Seouljongno yulgog 283 (dongdeamunsungkwakpark playground around),,prevention,1,200,360,30,13-Dec,02-2148-4301,37.573057,127.0088652,2018-02-09
Seouljongnooffice,Seouljongno dongmangmtload 150 (sunginpark dongmangjung around),,prevention,1,200,360,30,13-Dec,02-2148-4301,37.575664,127.018135,2018-02-09
Seouljongnooffice,Seouljongno songwall1load,Seouljongno songwall 2-1 (wallampark parkbackdoor around),prevention,1,200,360,30,13-Dec,02-2148-4301,37.5718062,126.9655525,2018-02-09
Seouljongnooffice,Seouljongno songwall1load,Seouljongno songwall 2-1 (wallampark parkbackdoor around),prevention,1,200,360,30,13-Dec,02-2148-4301,37.5710507,126.9659327,2018-02-09
Seouljongnooffice,Seouljongno yulgog4load 48,Seouljongno susong 80-7 (susongpark middleplaza),prevention,1,200,360,30,13-Dec,02-2148-4301,37.57385,126.981121,2018-02-09
Seouljongnooffice,Seouljongno daehak3load 17,Seouljongno yeonji 136-92 (yeonji1sangsangchildpark),prevention,1,200,360,30,14-Aug,02-2148-4301,37.57416,127.000968,2018-02-09
Seouljongnooffice,Seouljongno changsinload 210-11 (nakmtsangsangchildpark),,prevention,1,200,360,30,14-Aug,02-2148-4301,37.5795077,127.010169,2018-02-09
Seouljongnooffice,Seouljongno donhwamun2load 16,Seouljongno jangsa 212,prevention,2,200,360,30,13-Dec,02-2148-4301,37.5691801,126.993292,2018-02-09
Seouljongnooffice,Seouljongno hyehwa9load 48,Seouljongno myunglyun1st 65-1,prevention,1,41,360,30,05-Dec,02-2148-4301,37.586768,126.9976549,2018-02-09
Seouljongnooffice,Seouljongno hyehwa9load 28,Seouljongno myunglyun1st 23,prevention,1,41,360,30,05-Dec,02-2148-4301,37.587558,126.998255,2018-02-09
Seouljongnooffice,Seouljongno jongno 140-1,Seouljongno jongno3st 148,prevention,2,200,360,30,13-Dec,02-2148-4301,37.5702973,126.9931769,2018-02-09
Seouljongnooffice,Seouljongno jongno 160-1,Seouljongno jongno4st 56,prevention,2,200,360,30,13-Dec,02-2148-4301,37.570396,126.9953935,2018-02-09
Seouljongnooffice,Seouljongno oojungkuk 29,Seouljongno gongpyeong 120-2,prevention,3,200,360,30,13-Dec,02-2148-4301,37.571916,126.9828707,2018-02-09
Seouljongnooffice,Seouljongno jongno12load 10,Seouljongno kwanchul 18-1,prevention,3,200,360,30,13-Dec,02-2148-4301,37.5697613,126.9856882,2018-02-09
Seouljongnooffice,Seouljongno oojungkuk 2,Seouljongno kwanchul 288,prevention,3,200,360,30,13-Dec,02-2148-4301,37.569073,126.982968,2018-02-09
Seouljongnooffice,Seouljongno chunggyechun 73,Seouljongno kwanchul 11-14,prevention,3,200,360,30,13-Dec,02-2148-4301,37.5685594,126.9857999,2018-02-09
Seouljongnooffice,Seouljongno hyehwa9load 6,Seouljongno myunglyun1st 33-6,prevention,1,41,360,30,05-Dec,02-2148-4301,37.5878423,126.999316,2018-02-09
Seouljongnooffice,Seouljongno chunggyechun 1,Seouljongno surin 159-1,prevention,2,200,360,30,13-Dec,02-2148-4301,37.5695069,126.9773639,2018-02-09
Seouljongnooffice,Seouljongno bukchon11load 5,Seouljongno stheoi 60,prevention,3,200,360,30,13-Dec,02-2148-4301,37.5814443,126.9846659,2018-02-09
Seouljongnooffice,Seouljongno samildae30load 14,Seouljongno nakwon 58-9,prevention,3,200,360,30,13-Dec,02-2148-4301,37.5740062,126.9886005,2018-02-09
Seouljongnooffice,Seouljongno donhwamun6-load 13,Seouljongno bongik 149,prevention,2,200,360,30,13-Dec,02-2148-4301,37.571453,126.993304,2018-02-09
Seouljongnooffice,Seouljongno mukyo 37,Seouljongno surin 146,prevention,2,200,360,30,13-Dec,02-2148-4301,37.569365,126.979191,2018-02-09
Seouljongnooffice,Seouljongno chunggyechun 1,Seouljongno surin 159-1,prevention,2,200,360,30,13-Dec,02-2148-4301,37.5692685,126.9775683,2018-02-09
Seouljongnooffice,Seouljongno sejongdae 152,Seouljongno sejongno 139-8,prevention,2,200,360,30,13-Dec,02-2148-4301,37.5698106,126.977367,2018-02-09
Seouljongnooffice,Seouljongno jongno 1,Seouljongno sejongno 119,prevention,2,200,360,30,13-Dec,02-2148-4301,37.570703,126.977446,2018-02-09
Seouljongnooffice,Seouljongno sungkyunkwan 54-13,Seouljongno myunglyun1st 16-48,prevention,1,41,360,30,05-Dec,02-2148-4301,37.587386,126.9970464,2018-02-09
Seouljongnooffice,Seouljongno jongno28load 11,Seouljongno yeji 96,prevention,2,200,360,30,13-Dec,02-2148-4301,37.569905,126.995457,2018-02-09
Seouljongnooffice,Seouljongno insaload 11-1,Seouljongno insa 147,prevention,2,200,360,30,13-Dec,02-2148-4301,37.571879,126.986877,2018-02-09
Seouljongnooffice,Seouljongno insaload 24,Seouljongno insa 15,prevention,2,200,360,30,11-Apr,02-2148-4301,37.5728915,126.986323,2018-02-09
Seouljongnooffice,Seouljongno insaload 24,Seouljongno insa 15,prevention,1,41,180,30,11-Apr,02-2148-4301,37.5728915,126.986323,2018-02-09
Seouljongnooffice,Seouljongno inwangmt,Seouljongno okin mt3-1 (inwangmtcitynaturalpark inwangmtobservatory entrance),prevention,1,200,360,30,14-Aug,02-2148-4301,37.584089,126.963892,2018-02-09
Seouljongnooffice,Seouljongno jahamun35load,Seouljongno chungun 7-3 (inwangmtcitynaturalpark chungunpark),prevention,1,200,360,30,14-Aug,02-2148-4301,37.590934,126.966281,2018-02-09
Seouljongnooffice,Seouljongno bukchon 134-3,Seouljongno samchung mt2-1 (samchungpark playground),prevention,1,200,360,30,14-Aug,02-2148-4301,37.588569,126.984083,2018-02-09
Seouljongnooffice,Seouljongno bukchon 134-3,Seouljongno samchung mt2-1 (samchungpark forest of water),prevention,1,200,360,30,14-Aug,02-2148-4301,37.588912,126.984874,2018-02-09
Seouljongnooffice,Seouljongno bukchon 134-3,Seouljongno samchung mt2-1 (samchungpark experience forest),prevention,1,200,360,30,14-Aug,02-2148-4301,37.589455,126.985669,2018-02-09
Seouljongnooffice,Seouljongno hyehwa9load 24-9 (myunglyunsangsangchildpark),,prevention,1,200,360,30,14-Aug,02-2148-4301,37.588157,126.998249,2018-02-09
Seouljongnooffice,Seouljongno pyeongchangload 367,Seouljongno pyeongchang 470 (chamsamchildpark),prevention,1,200,360,30,14-Aug,02-2148-4301,37.61485,126.974435,2018-02-09
Seouljongnooffice,Seouljongno pyeongchangload 220,Seouljongno pyeongchang 495-4 (gam-muchildpark),prevention,1,200,360,30,14-Aug,02-2148-4301,37.612638,126.97036,2018-02-09
Seouljongnooffice,Seouljongno pyeongchangload 6,Seouljongno pyeongchang 327-7 (se-uelchildpark),prevention,1,200,360,30,14-Aug,02-2148-4301,37.605677,126.965062,2018-02-09
Seouljongnooffice,Seouljongno sungkyunkwan25 (sungdae frontdoor shelter in),,prevention,1,200,360,30,14-Aug,02-2148-4301,37.584814,126.997106,2018-02-09
Seouljongnooffice,Seouljongno inwangmt,Seouljongno okin mt3-1 (inwangmtcitynaturalpark suseong_valley back),prevention,1,200,360,30,14-Aug,02-2148-4301,37.58273,126.961464,2018-02-09
Seouljongnooffice,Seouljongno sungkyunkwan25 (sungdae frontdoor shelter in),,prevention,1,200,360,30,14-Aug,02-2148-4301,37.585041,126.997118,2018-02-09
Seouljongnooffice,Seouljongno tongil18stload 26,Seouljongno muak mt3-4 (inwangmtcitynaturalpark generalstorm around),prevention,1,200,360,30,13-Dec,02-2148-4301,37.5800393,126.9578077,2018-02-09
Seouljongnooffice,Seouljongno tongil18stload 26,Seouljongno muak mt3-4 (inwangmtcitynaturalpark younggung around),prevention,1,200,360,30,13-Dec,02-2148-4301,37.5790445,126.9592668,2018-02-09
Seouljongnooffice,Seouljongno changuimun 119 (inwangmtcitynaturalpark yoondongjulibrary top),,prevention,1,200,360,30,15-Jun,02-2148-4301,37.591874,126.966738,2018-02-09
Seouljongnooffice,Seouljongno sungkyunkwan5load 25-13 (gyeonghakchildpark),,prevention,1,200,360,30,15-Jun,02-2148-4301,37.584655,126.996847,2018-02-09
Seouljongnooffice,Seouljongno jongno 30 (surinpark),,prevention,1,200,360,30,15-Jun,02-2148-4301,37.5699086,126.980935,2018-02-09
Seouljongnooffice,Seouljongno dongsung4-load 12,Seouljongno dongsung 2-43 (baekdongchildplayground),prevention,1,200,360,30,15-Jun,02-2148-4301,37.583061,127.004854,2018-02-09
Seouljongnooffice,Seouljongno soongin2load 29,Seouljongno soongin 605 (sunginchildplayground),prevention,1,200,360,30,15-Jun,02-2148-4301,37.577917,127.020336,2018-02-09
Seouljongnooffice,Seouljongno jongno 157 (jongmyo plazapark),,prevention,1,200,360,30,15-Dec,02-2148-4301,37.571253,126.994187,2018-02-09
Seouljongnooffice,Seouljongno jongno 157 (jongmyo plazapark),,prevention,1,200,360,30,15-Dec,02-2148-4301,37.570798,126.993991,2018-02-09
Seouljongnooffice,Seouljongno jongno 157 (jongmyo plazapark),,prevention,1,200,360,30,15-Dec,02-2148-4301,37.571266,126.994817,2018-02-09
Seouljongnooffice,Seouljongno changgyeonggung 109,Seouljongno inuei 112-2,prevention,3,200,360,30,13-Dec,02-2148-4301,37.5712971,126.997624,2018-02-09
Seouljongnooffice,Seouljongno chunggyechun 159,Seouljongno jangsa 116-4,prevention,2,200,360,30,13-Dec,02-2148-4301,37.568766,126.995411,2018-02-09
Seouljongnooffice,Seouljongno chunggyechun 149-1,Seouljongno jangsa 204-1,prevention,2,200,360,30,13-Dec,02-2148-4301,37.568702,126.994414,2018-02-09
Seouljongnooffice,Seouljongno jongno3load 17,Seouljongno chungjin 246,prevention,3,200,360,30,13-Dec,02-2148-4301,37.5703651,126.9792201,2018-02-09
Seouljongnooffice,Seouljongno jongno 69,Seouljongno jongno2st 9,prevention,3,200,360,30,13-Dec,02-2148-4301,37.570357,126.9852919,2018-02-09
Seouljongnooffice,Seouljongno jongno 145,Seouljongno jongno3st 39-8,prevention,2,200,360,30,11-Apr,02-2148-4301,37.570675,126.993857,2018-02-09
Seouljongnooffice,Seouljongno jongno 145,Seouljongno jongno3st 39-8,prevention,1,41,180,30,11-Apr,02-2148-4301,37.570675,126.993857,2018-02-09
Seouljongnooffice,Seouljongno samildae32load 36,Seouljongno iksun 18-2,prevention,3,200,360,30,13-Dec,02-2148-4301,37.575495,126.989198,2018-02-09
Seouljongnooffice,Seouljongno donhwamun11-load 44,Seouljongno iksun 166-61,prevention,2,200,360,30,13-Dec,02-2148-4301,37.573735,126.989771,2018-02-09
Seouljongnooffice,Seouljongno sungkyunkwan 58-23,Seouljongno myunglyun1st 16-26,prevention,1,41,360,30,05-Dec,02-2148-4301,37.587712,126.997642,2018-02-09
Seouljongnooffice,Seouljongno insaload 1,Seouljongno insa 72,prevention,2,200,360,30,13-Dec,02-2148-4301,37.5710565,126.9874275,2018-02-09
Seouljongnooffice,Seouljongno sungkyunkwan14load 30,Seouljongno myunglyun1st 23-3,prevention,1,41,360,30,05-Dec,02-2148-4301,37.5880445,126.9976432,2018-02-09
Seouljongnooffice,Seouljongno chungshinload 3,Seouljongno jongno6st 201-3,prevention,1,200,360,30,13-Feb,02-2148-4301,37.573407,127.007629,2018-02-09
Seouljongnooffice,Seouljongno chungshinload 3,Seouljongno jongno6st 201-3,prevention,1,130,180,30,13-Feb,02-2148-4301,37.573407,127.007629,2018-02-09
Seouljongnooffice,Seouljongno nakmtsungkwakseoload 63,Seouljongno chungshin 1-211,prevention,2,200,360,30,13-Dec,02-2148-4301,37.5751338,127.008597,2018-02-09
Seouljongnooffice,Seouljongno chungshin4-load 5,Seouljongno chungshin 1-314,prevention,2,200,360,30,13-Dec,02-2148-4301,37.576048,127.007845,2018-02-09
Seouljongnooffice,Seouljongno chungshinload 31,Seouljongno jongno6st 1-76,prevention,2,200,360,30,13-Dec,02-2148-4301,37.5742154,127.0078458,2018-02-09
Seouljongnooffice,Seouljongno jongno41load 48,Seouljongno jongno6st 210-11,prevention,2,200,360,30,13-Dec,02-2148-4301,37.5734426,127.0062196,2018-02-09
Seouljongnooffice,Seouljongno chungshinload 78,Seouljongno chungshin 1-71,prevention,1,130,360,30,12-Feb,02-2148-4301,37.5761316,127.0070329,2018-02-09
Seouljongnooffice,Seouljongno chungshinload 78,Seouljongno chungshin 1-71,prevention,2,200,180,30,12-Feb,02-2148-4301,37.5761316,127.0070329,2018-02-09
Seouljongnooffice,Seouljongno chungshinload 76-9,Seouljongno chungshin 1-365,prevention,2,200,360,30,13-Dec,02-2148-4301,37.576109,127.007498,2018-02-09
Seouljongnooffice,Seouljongno yulgog22stload 25-1,Seouljongno chungshin 191-1,prevention,2,200,360,30,13-Dec,02-2148-4301,37.5742458,127.0040262,2018-02-09
Seouljongnooffice,Seouljongno jongno 251-3,Seouljongno jongno5st 9-6,prevention,2,200,360,30,13-Dec,02-2148-4301,37.5715415,127.0056356,2018-02-09
Seouljongnooffice,Seouljongno jongno 157 (jongmyo plazapark),,prevention,1,200,360,30,15-Dec,02-2148-4301,37.572014,126.994778,2018-02-09
Seouljongnooffice,Seouljongno jongno 157 (jongmyo plazapark),,prevention,1,200,360,30,15-Dec,02-2148-4301,37.571605,126.994274,2018-02-09
Seouljongnooffice,Seouljongno jongno 157 (jongmyo plazapark),,prevention,1,200,360,30,15-Dec,02-2148-4301,37.5729316,126.993832,2018-02-09
Seouljongnooffice,Seouljongno jongno 157 (jongmyo plazapark),,prevention,1,200,360,30,16-Jul,02-2148-4301,37.571999,126.995828,2018-02-09
Seouljongnooffice,Seouljongno jongno 157 (jongmyo plazapark),,prevention,1,200,360,30,16-Jul,02-2148-4301,37.571478,126.996078,2018-02-09
Seouljongnooffice,Seouljongno jongno 157 (jongmyo plazapark),,prevention,1,200,360,30,16-Jul,02-2148-4301,37.571799,126.995826,2018-02-09
Seouljongnooffice,Seouljongno jongno 157 (jongmyo plazapark),,prevention,1,200,360,30,16-Jul,02-2148-4301,37.571097,126.995511,2018-02-09
Seouljongnooffice,Seouljongno jongno3load 24-7,Seouljongno chungjin 146-3 (chungjinpark),prevention,1,200,360,30,16-Jul,02-2148-4301,37.571509,126.979839,2018-02-09
Seouljongnooffice,Seouljongno jibong13load 62,Seouljongno changsin 23-362 (changsinchildpark),prevention,1,200,360,30,16-Jul,02-2148-4301,37.577911,127.013097,2018-02-09
Seouljongnooffice,Seouljongno dongmangmtload 130,Seouljongno soongin 58-59 (sunginpark baby experience forest),prevention,1,200,360,30,17-Apr,02-2148-4301,37.577351,127.018073,2018-02-09
Seouljongnooffice,Seouljongno jongno 157 (jongmyo plazapark),,prevention,1,200,360,30,15-Dec,02-2148-4301,37.571715,126.994795,2018-02-09
Seouljongnooffice,Seouljongno dongmangmtload 130,Seouljongno soongin 58-70 (sunginpark baby experience forest),prevention,1,200,360,30,17-Apr,02-2148-4301,37.577203,127.017796,2018-02-09
Seouljongnooffice,Seouljongno songwall1load 30,Seouljongno songwall 1-92 (donueimun1area childpark),prevention,2,200,360,30,17-Aug,02-2148-4301,37.5712243,126.9651817,2018-02-09
Seouljongnooffice,Seouljongno songwallload 54,Seouljongno hongpa 5-21 (donueimun1area childpark),prevention,2,200,360,30,17-Aug,02-2148-4301,37.5713932,126.9647254,2018-02-09
Seouljongnooffice,Seouljongno songwallload 53,Seouljongno songwall 32-43 (donueimun1area smallpark),prevention,3,200,360,30,17-Aug,02-2148-4301,37.570069,126.965685,2018-02-09
Seouljongnooffice,Seouljongno songwallload 53,Seouljongno songwall 32-43 (donueimun1area smallpark),prevention,1,200,360,30,17-Aug,02-2148-4301,37.569938,126.96567,2018-02-09
Seouljongnooffice,Seouljongno yulgog 264,,multi,1,200,360,30,14-Oct,02-2148-4301,37.573627,127.006691,2018-02-09
Seouljongnooffice,Seouljongno jibung 97,,multi,1,200,360,30,14-Oct,02-2148-4301,37.578408,127.01472,2018-02-09
Seouljongnooffice,Seouljongno nakmt5load 33,,multi,1,200,360,30,14-Oct,02-2148-4301,37.578836,127.010898,2018-02-09
Seouljongnooffice,Seouljongno nakmtload 250,,multi,1,200,360,30,14-Oct,02-2148-4301,37.581338,127.013139,2018-02-09
Seouljongnooffice,Seouljongno nakmtload 250,,multi,1,200,360,30,14-Oct,02-2148-4301,37.5821722,127.013846,2018-02-09
Seouljongnooffice,Seouljongno dongmangmtload 66-1,,multi,1,200,360,30,14-Oct,02-2148-4301,37.579708,127.017096,2018-02-09
Seouljongnooffice,Seouljongno nakmt4load 24,,multi,1,200,360,30,14-Oct,02-2148-4301,37.578789,127.007179,2018-02-09
Seouljongnooffice,Seouljongno hyehwa6load 63,,multi,1,200,360,30,14-Oct,02-2148-4301,37.589438,127.001478,2018-02-09
Seouljongnooffice,Seouljongno daehak 16,Seouljongno hyoje 312-1,prevention,2,200,360,30,13-Dec,02-2148-4301,37.572369,127.002098,2018-02-09
Seouljongnooffice,Seouljongno kimsangok 51,Seouljongno hyoje 115-1,prevention,2,200,360,30,11-Apr,02-2148-4301,37.5733468,127.003481,2018-02-09
Seouljongnooffice,Seouljongno kimsangok 51,Seouljongno hyoje 115-1,prevention,1,41,180,30,11-Apr,02-2148-4301,37.5733468,127.003481,2018-02-09
Seouljongnooffice,Seouljongno hyehwa9load 24-16,Seouljongno myunglyun1st 33-59,prevention,1,41,360,30,05-Dec,02-2148-4301,37.588364,126.998359,2018-02-09
Seouljongnooffice,Seouljongno ehwajangload 70-12,Seouljongno dongsung 199-20,prevention,2,200,360,30,13-Dec,02-2148-4301,37.578469,127.005206,2018-02-09
Seouljongnooffice,Seouljongno ehwajang1load 33,Seouljongno ehwa 6-2,prevention,2,200,360,30,13-Dec,02-2148-4301,37.577803,127.005957,2018-02-09
Seouljongnooffice,Seouljongno dongsung3load 40,Seouljongno dongsung 25-1,prevention,2,200,360,30,13-Dec,02-2148-4301,37.5827787,127.0046543,2018-02-09
Seouljongnooffice,Seouljongno dongsung4-load 29,Seouljongno dongsung 6-31,prevention,2,200,360,30,13-Dec,02-2148-4301,37.583249,127.005863,2018-02-09
Seouljongnooffice,Seouljongno yulgog13load 13,Seouljongno yeongun 273-8,prevention,2,200,360,30,13-Dec,02-2148-4301,37.576793,127.000706,2018-02-09
Seouljongnooffice,Seouljongno daehak 103,Seouljongno yeongun 28-2,prevention,2,200,360,30,13-Dec,02-2148-4301,37.580421,127.001952,2018-02-09
Seouljongnooffice,Seouljongno kimsangok 42-1,Seouljongno hyoje 295,prevention,2,200,360,30,13-Dec,02-2148-4301,37.573255,127.0022178,2018-02-09
Seouljongnooffice,Seouljongno daehak7load 18,Seouljongno yeongun 50-6,prevention,3,200,360,30,13-Dec,02-2148-4301,37.5792401,127.0010345,2018-02-09
Seouljongnooffice,Seouljongno yulgog19load 19,Seouljongno ehwa 12-2,prevention,2,200,360,30,13-Dec,02-2148-4301,37.5762903,127.0059028,2018-02-09
Seouljongnooffice,Seouljongno ehwajang1-load 15,Seouljongno ehwa 9-264,prevention,2,200,360,30,13-Dec,02-2148-4301,37.5776208,127.0066968,2018-02-09
Seouljongnooffice,Seouljongno nakmtsungkwakseo1load 17,Seouljongno ehwa 9-498,prevention,3,200,360,30,13-Dec,02-2148-4301,37.577733,127.008051,2018-02-09
Seouljongnooffice,Seouljongno sungkyunkwan14load 14,Seouljongno myunglyun1st 33-87,prevention,1,41,360,30,05-Dec,02-2148-4301,37.5888518,126.9976327,2018-02-09
Seouljongnooffice,Seouljongno dongsungload 29,Seouljongno dongsung 1-141,prevention,2,200,360,30,13-Dec,02-2148-4301,37.5798665,127.0038854,2018-02-09
Seouljongnooffice,Seouljongno daehak 120,Seouljongno dongsung 1-27,prevention,2,200,360,30,13-Dec,02-2148-4301,37.581793,127.0022796,2018-02-09
Seouljongnooffice,Seouljongno ehwajangload 84,Seouljongno dongsung 192-14,prevention,2,200,360,30,13-Dec,02-2148-4301,37.5790919,127.0045073,2018-02-09
Seouljongnooffice,Seouljongno daehak 95,Seouljongno yeongun 28-2,prevention,2,200,360,30,13-Dec,02-2148-4301,37.579754,126.9994326,2018-02-09
Seouljongnooffice,Seouljongno ehwajangload 33,Seouljongno ehwa 149-1,prevention,2,200,360,30,13-Dec,02-2148-4301,37.576895,127.004523,2018-02-09
Seouljongnooffice,Seouljongno yulgog17load 7-2,Seouljongno ehwa 96-2,prevention,2,200,360,30,13-Dec,02-2148-4301,37.5761864,127.0049736,2018-02-09
Seouljongnooffice,Seouljongno daehak 60,Seouljongno yeongun 178-1,prevention,2,200,360,30,11-Apr,02-2148-4301,37.5767695,127.0026192,2018-02-09
Seouljongnooffice,Seouljongno samildae 446,,multi,1,200,360,30,14-Oct,02-2148-4301,37.5751961,126.9870281,2018-02-09
Seouljongnooffice,Seouljongno bukchon6load 1,,multi,1,200,360,30,14-Oct,02-2148-4301,37.580055,126.985093,2018-02-09
Seouljongnooffice,Seouljongno jahamun17load 12,,multi,1,200,360,30,14-Oct,02-2148-4301,37.581354,126.969487,2018-02-09
Seouljongnooffice,Seouljongno jahamun10load 8,,multi,1,200,360,30,14-Oct,02-2148-4301,37.579399,126.972013,2018-02-09
Seouljongnooffice,Seouljongno jahamun28load 8,,multi,1,200,360,30,14-Oct,02-2148-4301,37.585046,126.9710634,2018-02-09
Seouljongnooffice,Seouljongno jahamun35load 21,,multi,1,200,360,30,14-Oct,02-2148-4301,37.588517,126.966223,2018-02-09
Seouljongnooffice,Seouljongno jahamun 306,,multi,1,200,360,30,14-Oct,02-2148-4301,37.5997036,126.959064,2018-02-09
Seouljongnooffice,Seouljongno hongjimun2load 1,,multi,1,200,360,30,14-Oct,02-2148-4301,37.600788,126.956861,2018-02-09
Seouljongnooffice,Seouljongno filundae 103,,multi,1,200,360,30,14-Oct,02-2148-4301,37.584074,126.968901,2018-02-09
Seouljongnooffice,Seouljongno inwangmt1load 21,,multi,1,200,360,30,14-Oct,02-2148-4301,37.574546,126.964512,2018-02-09
Seouljongnooffice,Seouljongno daehak3load 9,,multi,1,200,360,30,14-Oct,02-2148-4301,37.574144,127.001246,2018-02-09
Seouljongnooffice,Seouljongno changgyeonggung 288,,multi,1,200,360,30,14-Oct,02-2148-4301,37.586262,127.002023,2018-02-09
Seouljongnooffice,Seouljongno bukchon 4load 27,,multi,1,200,360,30,14-Oct,02-2148-4301,37.579366,126.986666,2018-02-09
Seouljongnooffice,Seouljongno segumjeong7load 19(segumjeongele-school front door around),,multi,1,200,360,30,15-Aug,02-2148-4301,37.602735,126.960755,2018-02-09
Seouljongnooffice,Seouljongno segumjeong9load 19(segumjeongele-school backdoor around),,multi,1,200,360,30,15-Aug,02-2148-4301,37.603958,126.961269,2018-02-09
Seouljongnooffice,Seouljongno sajik9load 16-1(maeele-school front door around),,multi,1,200,360,30,15-Aug,02-2148-4301,37.5770366,126.967844,2018-02-09
Seouljongnooffice,Seouljongno filundae 9-2,,multi,1,200,360,30,15-Aug,02-2148-4301,37.577185,126.969199,2018-02-09
Seouljongnooffice,Seouljongno sungkyunkwan 76,,multi,1,200,360,30,15-Aug,02-2148-4301,37.589234,126.997408,2018-02-09
Seouljongnooffice,Seouljongno changsin5load 77(changsindosanapt backload),,multi,1,200,360,30,15-Aug,02-2148-4301,37.574683,127.013793,2018-02-09
Seouljongnooffice,Seouljongno jahamun33load 22-1(chungunele-school backdoor side),,multi,1,200,360,30,15-Aug,02-2148-4301,37.586269,126.968635,2018-02-09
Seouljongnooffice,Seouljongno yulgog14load 40(hyojepolice other side),,multi,1,200,360,30,15-Aug,02-2148-4301,37.574305,127.0031947,2018-02-09
Seouljongnooffice,Seouljongno sungkyunkwan13load 63(myunglyunchildhouse),,multi,1,200,360,30,15-Aug,02-2148-4301,37.591126,126.995144,2018-02-09
Seouljongnooffice,Seouljongno pyeongchangload 311(ha-kindergarden),,multi,1,200,360,30,15-Aug,02-2148-4301,37.614766,126.977086,2018-02-09
Seouljongnooffice,Seouljongno bibongload 23(bibongparking entrance other side),,multi,1,200,360,30,15-Aug,02-2148-4301,37.611546,126.9560699,2018-02-09
Seouljongnooffice,Seouljongno filundae 87-2(seoul blindschool),,multi,1,200,360,30,15-Aug,02-2148-4301,37.583757,126.967316,2018-02-09
Seouljongnooffice,Seouljongno ehwajangload 14,Seouljongno ehwa 186-3,prevention,2,200,360,30,11-Apr,02-2148-4301,37.5767814,127.0032267,2018-02-09
Seouljongnooffice,Seouljongno ehwajangload 14,Seouljongno ehwa 186-3,prevention,1,41,180,30,11-Apr,02-2148-4301,37.5767814,127.0032267,2018-02-09
Seouljongnooffice,Seouljongno sungkyunkwan17load 28,Seouljongno myunglyun1st 2-19,prevention,3,200,360,30,13-Dec,02-2148-4301,37.5904788,126.9976123,2018-02-09
Seouljongnooffice,Seouljongno hyehwa11load 19,Seouljongno myunglyun1st 33-54,prevention,2,200,360,30,13-Dec,02-2148-4301,37.588805,126.998271,2018-02-09
Seouljongnooffice,Seouljongno hyehwa3stload 11,Seouljongno myunglyun1st 57-1,prevention,1,130,360,30,12-Feb,02-2148-4301,37.5867531,126.9986137,2018-02-09
Seouljongnooffice,Seouljongno hyehwa3stload 11,Seouljongno myunglyun1st 57-1,prevention,2,200,180,30,12-Feb,02-2148-4301,37.5867531,126.9986137,2018-02-09
Seouljongnooffice,Seouljongno hyehwa9load 40,Seouljongno myunglyun1st 60-1,prevention,2,200,360,30,13-Dec,02-2148-4301,37.5871536,126.9980082,2018-02-09
Seouljongnooffice,Seouljongno sungkyunkwan4load 6,Seouljongno myunglyun2st 145,prevention,2,200,360,30,13-Dec,02-2148-4301,37.584526,126.9977762,2018-02-09
Seouljongnooffice,Seouljongno hyehwa3load 6,Seouljongno myunglyun1st 46-7,prevention,2,200,360,30,13-Dec,02-2148-4301,37.586185,126.999667,2018-02-09
Seouljongnooffice,Seouljongno daemyeongload 4,Seouljongno myunglyun2st 24-4,prevention,2,200,360,30,13-Dec,02-2148-4301,37.5836727,127.0013991,2018-02-09
Seouljongnooffice,Seouljongno daehak 60,Seouljongno yeongun 178-1,prevention,1,41,180,30,11-Apr,02-2148-4301,37.5767695,127.0026192,2018-02-09
Seouljongnooffice,Seouljongno daemyeong1load 25,Seouljongno myunglyun4st 85-9,prevention,2,200,360,30,13-Dec,02-2148-4301,37.5825218,127.0007633,2018-02-09
Seouljongnooffice,Seouljongno hyehwa10load 15-9,Seouljongno hyehwa 15-118,prevention,1,130,360,30,12-Feb,02-2148-4301,37.588808,127.000327,2018-02-09
Seouljongnooffice,Seouljongno hyehwa10load 15-9,Seouljongno hyehwa 15-118,prevention,2,200,180,30,12-Feb,02-2148-4301,37.588808,127.000327,2018-02-09
Seouljongnooffice,Seouljongno hyehwa6load 70-1,Seouljongno hyehwa 15-146,prevention,2,200,360,30,13-Dec,02-2148-4301,37.589668,127.002082,2018-02-09
Seouljongnooffice,Seouljongno changgyeonggung35load 55,Seouljongno hyehwa 26-39,prevention,2,200,360,30,13-Dec,02-2148-4301,37.588231,127.002471,2018-02-09
Seouljongnooffice,Seouljongno hyehwa16load 26,Seouljongno hyehwa 5-49,prevention,3,200,360,30,13-Dec,02-2148-4301,37.590841,127.000395,2018-02-09
Seouljongnooffice,Seouljongno changgyeonggung35load 19,Seouljongno hyehwa 53-11,prevention,2,200,360,30,13-Dec,02-2148-4301,37.586788,127.0018559,2018-02-09
Seouljongnooffice,Seouljongno hyehwa 32,Seouljongno hyehwa 13-1,prevention,2,200,360,30,13-Dec,02-2148-4301,37.588328,126.999736,2018-02-09
Seouljongnooffice,Seouljongno myunglyun7load 1,Seouljongno myunglyun3st 1-1040,prevention,2,200,360,30,13-Dec,02-2148-4301,37.590395,126.993302,2018-02-09
Seouljongnooffice,Seouljongno myunglyun2load 9-2,Seouljongno myunglyun3st 1-180,prevention,2,200,360,30,13-Dec,02-2148-4301,37.589041,126.995601,2018-02-09
Seouljongnooffice,Seouljongno myunglyunload 45-23,Seouljongno myunglyun3st 1-165,prevention,3,200,360,30,13-Dec,02-2148-4301,37.5894593,126.993474,2018-02-09
Seouljongnooffice,Seouljongno myunglyun4load 3,Seouljongno myunglyun3st 1-143,prevention,2,200,360,30,13-Dec,02-2148-4301,37.5893298,126.994821,2018-02-09
Seouljongnooffice,Seouljongno jahamun43load 2(gulipangelkidschildhouse),Seouljongno buam 384-4,multi,1,200,360,30,16-Jun,02-2148-4301,37.598687,126.960875,2018-02-09
Seouljongnooffice,Seouljongno segumjeong6-load 10(buamchildhouse),Seouljongno shinyoung 105-12,multi,1,200,360,30,16-Jun,02-2148-4301,37.601661,126.962604,2018-02-09
Seouljongnooffice,Seouljongno jongno65load 10(hanbitchildhouse),Seouljongno soongin 178-167,multi,1,200,360,30,16-Jun,02-2148-4301,37.574975,127.019838,2018-02-09
Seouljongnooffice,Seouljongno okinload 18(nusangchildhouse),Seouljongno okin 149-1,multi,1,200,360,30,16-Jun,02-2148-4301,37.580694,126.967469,2018-02-09
Seouljongnooffice,Seouljongno sejongdae 175,Seouljongno sejongno 81-3,trans,1,200,360,30,11-Dec,02-2148-4301,37.571682,126.975404,2018-02-09
Seouljongnooffice,Seouljongno semunan 92,Seouljongno shinmun1st 163,trans,1,200,360,30,11-Dec,02-2148-4301,37.569518,126.974471,2018-02-09
Seouljongnooffice,Seouljongno samildae 445,Seouljongno gyeongun 63-10,trans,1,200,360,30,05-Apr,02-2148-4301,37.574201,126.987048,2018-02-09
Seouljongnooffice,Seouljongno samildae 457,Seouljongno gyeongun 88,trans,1,200,360,30,05-Apr,02-2148-4301,37.575399,126.986508,2018-02-09
Seouljongnooffice,Seouljongno jongno 99,Seouljongno jongno2st 38-1,trans,1,200,360,30,09-Nov,02-2148-4301,37.5705544,126.987815,2018-02-09
Seouljongnooffice,Seouljongno supyo 127,Seouljongno nakwon 237-2,trans,1,200,360,30,11-Nov,02-2148-4301,37.572494,126.988586,2018-02-09
Seouljongnooffice,Seouljongno sajik8load 13(sejongkindergarden),Seouljongno naeja 169,multi,1,200,360,30,16-Jun,02-2148-4301,37.574936,126.970238,2018-02-09
Seouljongnooffice,Seouljongno supyo 115,Seouljongno nakwon 210,trans,1,200,360,30,07-Dec,02-2148-4301,37.5715188,126.9891396,2018-02-09
Seouljongnooffice,Seouljongno supyo 90-1,Seouljongno kwansu 15,trans,1,200,360,30,11-Nov,02-2148-4301,37.569284,126.989588,2018-02-09
Seouljongnooffice,Seouljongno sajik8load 31,Seouljongno naeja 201-11,trans,1,41,360,30,07-Dec,02-2148-4301,37.574413,126.971576,2018-02-09
Seouljongnooffice,Seouljongno sajik 95,Seouljongno fillun 142,trans,1,200,360,30,05-Apr,02-2148-4301,37.5762232,126.9693121,2018-02-09
Seouljongnooffice,Seouljongno jongno 266,Seouljongno jongno6st 262-1,trans,1,200,360,30,15-Aug,02-2148-4301,37.570944,127.006786,2018-02-09
Seouljongnooffice,Seouljongno sajik8load 4,Seouljongno sajik 9,trans,1,130,360,30,10-Jul,02-2148-4301,37.5747507,126.9701775,2018-02-09
Seouljongnooffice,Seouljongno tongil14load 6-5,Seouljongno muak 45-20,trans,1,200,360,30,10-Jul,02-2148-4301,37.5747205,126.9584868,2018-02-09
Seouljongnooffice,Seouljongno jinheung 439,Seouljongno gugi 85-9,trans,1,200,360,30,08-Mar,02-2148-4301,37.607993,126.957611,2018-02-09
Seouljongnooffice,Seouljongno jinheung 487,Seouljongno shinyoung 16,trans,1,41,360,30,05-Apr,02-2148-4301,37.6049715,126.961135,2018-02-09
Seouljongnooffice,Seouljongno jahamun 6,Seouljongno tongui 49-1,trans,1,41,360,30,11-Nov,02-2148-4301,37.5766076,126.9726622,2018-02-09
Seouljongnooffice,Seouljongno jahamun 13-1,Seouljongno chebu 45-1,trans,1,41,360,30,05-Jul,02-2148-4301,37.577346,126.972093,2018-02-09
Seouljongnooffice,Seouljongno jahamun 27,Seouljongno tongin 156-2,trans,1,200,360,30,05-Apr,02-2148-4301,37.5784074,126.971523,2018-02-09
Seouljongnooffice,Seouljongno myunglyun10load 27,Seouljongno myunglyun3st 1-915,prevention,2,200,360,30,13-Dec,02-2148-4301,37.590322,126.9924268,2018-02-09
Seouljongnooffice,Seouljongno sungkyunkwan7load 25,Seouljongno myunglyun3st 38-1,prevention,2,200,360,30,13-Dec,02-2148-4301,37.587583,126.995777,2018-02-09
Seouljongnooffice,Seouljongno sungkyunkwan5load 83,Seouljongno myunglyun3st 59-1,prevention,2,200,360,30,13-Dec,02-2148-4301,37.5865423,126.994137,2018-02-09
Seouljongnooffice,Seouljongno myunglyun7load 26,Seouljongno myunglyun3st 1-962,prevention,2,200,360,30,13-Dec,02-2148-4301,37.5903814,126.9944252,2018-02-09
Seouljongnooffice,Seouljongno myunglyun9load 3-2,Seouljongno myunglyun9load 3-2,prevention,2,200,360,30,13-Dec,02-2148-4301,37.591107,126.993254,2018-02-09
Seouljongnooffice,Seouljongno jongno51load 37,Seouljongno changsin 582-6,prevention,2,200,360,30,13-Dec,02-2148-4301,37.5735868,127.0112347,2018-02-09
Seouljongnooffice,Seouljongno jongno53load 21-4,Seouljongno changsin 197-15,prevention,2,200,360,30,13-Dec,02-2148-4301,37.5733884,127.013499,2018-02-09
Seouljongnooffice,Seouljongno jongno44load 43,Seouljongno changsin 432,prevention,3,200,360,30,13-Dec,02-2148-4301,37.5706944,127.0126716,2018-02-09
Seouljongnooffice,Seouljongno jibong2load 1,Seouljongno changsin 401-6,prevention,2,200,360,30,13-Dec,02-2148-4301,37.570343,127.016178,2018-02-09
Seouljongnooffice,Seouljongno jongno48load 26-1,Seouljongno changsin 450-2,prevention,2,200,360,30,13-Dec,02-2148-4301,37.571126,127.0119763,2018-02-09
Seouljongnooffice,Seouljongno myunglyun7load 55,Seouljongno myunglyun3st 1-883,prevention,2,200,360,30,13-Dec,02-2148-4301,37.590809,126.995803,2018-02-09
Seouljongnooffice,Seouljongno jibong5load 24-2,Seouljongno changsin 82-1,prevention,2,200,360,30,13-Dec,02-2148-4301,37.574944,127.014732,2018-02-09
Seouljongnooffice,Seouljongno jongno44load 9,Seouljongno changsin 446-1,prevention,3,200,360,30,13-Dec,02-2148-4301,37.5708373,127.0107365,2018-02-09
Seouljongnooffice,Seouljongno chunggyechun 341,Seouljongno changsin 436-73,prevention,1,130,360,30,11-Dec,02-2148-4301,37.5700898,127.0156286,2018-02-09
Seouljongnooffice,Seouljongno chunggyechun 341,Seouljongno changsin 436-73,prevention,2,200,180,30,11-Dec,02-2148-4301,37.5700898,127.0156286,2018-02-09
Seouljongnooffice,Seouljongno changsin6stload 36,Seouljongno changsin 130-40,prevention,2,200,360,30,11-Apr,02-2148-4301,37.575458,127.012668,2018-02-09
Seouljongnooffice,Seouljongno changsin6stload 36,Seouljongno changsin 130-40,prevention,1,41,180,30,11-Apr,02-2148-4301,37.575458,127.012668,2018-02-09
Seouljongnooffice,Seouljongno nakmtseongkwakload 72,Seouljongno changsin 618-1,prevention,3,200,360,30,13-Feb,02-2148-4301,37.578781,127.008671,2018-02-09
Seouljongnooffice,Seouljongno changsinload 97,Seouljongno changsin 633-24,prevention,2,200,360,30,13-Dec,02-2148-4301,37.575956,127.010393,2018-02-09
Seouljongnooffice,Seouljongno nakmtseongkwakload 18-1,Seouljongno changsin 640-163,prevention,2,200,360,30,13-Dec,02-2148-4301,37.574137,127.009286,2018-02-09
Seouljongnooffice,Seouljongno changsinload 39-10,Seouljongno changsin 651-6,prevention,2,200,360,30,13-Dec,02-2148-4301,37.573641,127.010068,2018-02-09
Seouljongnooffice,Seouljongno changsin5load 37,Seouljongno changsin 135-1,prevention,3,200,360,30,13-Dec,02-2148-4301,37.574259,127.0124015,2018-02-09
Seouljongnooffice,Seouljongno jongno51-load 3,Seouljongno changsin 142-37,prevention,2,200,360,30,13-Dec,02-2148-4301,37.572508,127.012189,2018-02-09
Seouljongnooffice,Seouljongno jahamun 119,Seouljongno chungun 50-31,trans,1,200,360,30,05-Apr,02-2148-4301,37.586488,126.969721,2018-02-09
Seouljongnooffice,Seouljongno jahamun 273,Seouljongno buam 185-4,trans,1,200,360,30,05-Apr,02-2148-4301,37.598004,126.962093,2018-02-09
Seouljongnooffice,Seouljongno baeksukload 11,Seouljongno buam 237-26,trans,1,200,360,30,09-Nov,02-2148-4301,37.5931063,126.9656727,2018-02-09
Seouljongnooffice,Seouljongno pyeongchangmunhwa 75,Seouljongno pyeongchang 158-1,trans,1,200,360,30,17-May,02-2148-4301,37.6068353,126.969103,2018-02-09
Seouljongnooffice,Seouljongno pyeongchangmunhwa 52,Seouljongno pyeongchang 230-3,trans,1,200,360,30,05-Jul,02-2148-4301,37.6056122,126.9671351,2018-02-09
Seouljongnooffice,Seouljongno changgyeonggung11load 3,Seouljongno yeji 165-2,trans,1,200,360,30,07-Dec,02-2148-4301,37.5697235,126.9977834,2018-02-09
Seouljongnooffice,Seouljongno yulgog 184,Seouljongno wonnam 49-16,trans,1,200,360,30,07-Dec,02-2148-4301,37.5757568,126.9991619,2018-02-09
Seouljongnooffice,Seouljongno bukchon4load 7,Seouljongno stheoi 210,trans,4,200,360,30,07-Dec,02-2148-4301,37.579179,126.985421,2018-02-09
Seouljongnooffice,Seouljongno yulgog3load 87,Seouljongno sogyeog 144-2,trans,1,200,360,30,11-Dec,02-2148-4301,37.5794343,126.9818277,2018-02-09
Seouljongnooffice,Seouljongno sambong 78-1,Seouljongno chungjin 45-2,trans,1,200,360,30,07-Dec,02-2148-4301,37.5721355,126.9815198,2018-02-09
Seouljongnooffice,Seouljongno jahamun 69,Seouljongno okin 18,trans,1,200,360,30,05-Apr,02-2148-4301,37.582351,126.970507,2018-02-09
Seouljongnooffice,Seouljongno insaload 47,Seouljongno kwanhun 168,trans,1,200,360,30,02-Nov,02-2148-4301,37.574353,126.984331,2018-02-09
Seouljongnooffice,Seouljongno insaload 40,Seouljongno kwanhun 37,trans,1,200,360,30,11-Dec,02-2148-4301,37.5739234,126.9850717,2018-02-09
Seouljongnooffice,Seouljongno insaload 23-1,Seouljongno insa 179-2,trans,1,200,360,30,02-Nov,02-2148-4301,37.5729276,126.9862217,2018-02-09
Seouljongnooffice,Seouljongno insaload 9,Seouljongno insa 137-2,trans,1,200,360,30,02-Nov,02-2148-4301,37.571732,126.986965,2018-02-09
Seouljongnooffice,Seouljongno donhwamun 56-1,Seouljongno myo 121,trans,1,200,360,30,05-Apr,02-2148-4301,37.573516,126.991329,2018-02-09
Seouljongnooffice,Seouljongno donhwamun 36-1,Seouljongno myo 70-1,trans,1,200,360,30,05-Apr,02-2148-4301,37.571724,126.991908,2018-02-09
Seouljongnooffice,Seouljongno donhwamun 9,Seouljongno kwansu 68,trans,3,200,360,30,07-Dec,02-2148-4301,37.569362,126.992148,2018-02-09
Seouljongnooffice,Seouljongno kimsangok 71,Seouljongno chungshin 179-10,trans,1,200,360,30,05-May,02-2148-4301,37.573651,127.005702,2018-02-09
Seouljongnooffice,Seouljongno kimsangok 54,Seouljongno hyoje 273,trans,1,200,360,30,05-May,02-2148-4301,37.573369,127.003588,2018-02-09
Seouljongnooffice,Seouljongno sungkyunkwan 17,Seouljongno myunglyun2st 142-2,trans,1,200,360,30,05-Jun,02-2148-4301,37.584337,126.997455,2018-02-09
Seouljongnooffice,Seouljongno jongno 116-1,Seouljongno jongno3st 115,trans,1,200,360,30,04-Jul,02-2148-4301,37.570161,126.990452,2018-02-09
Seouljongnooffice,Seouljongno jongno 141-1,Seouljongno jongno3st 37-7,trans,1,200,360,30,05-May,02-2148-4301,37.570636,126.993323,2018-02-09
Seouljongnooffice,Seouljongno changsinload 156,Seouljongno changsin 609-4,prevention,3,200,180,30,11-Dec,02-2148-4301,37.5780949,127.0091405,2018-02-09
Seouljongnooffice,Seouljongno jibong13load 14,Seouljongno changsin 6-25,prevention,2,200,360,30,11-Apr,02-2148-4301,37.578775,127.0146942,2018-02-09
Seouljongnooffice,Seouljongno jibong13load 14,Seouljongno changsin 6-25,prevention,1,41,180,30,11-Apr,02-2148-4301,37.578775,127.0146942,2018-02-09
Seouljongnooffice,Seouljongno jibong13stload 69,Seouljongno changsin 23-739,prevention,2,200,360,30,13-Dec,02-2148-4301,37.5760031,127.0127913,2018-02-09
Seouljongnooffice,Seouljongno jibong17load 47,Seouljongno changsin 13-20,prevention,2,200,360,30,13-Dec,02-2148-4301,37.579929,127.012989,2018-02-09
Seouljongnooffice,Seouljongno jibong13load 82,Seouljongno changsin 23-344,prevention,2,200,360,30,13-Dec,02-2148-4301,37.5770661,127.0123782,2018-02-09
Seouljongnooffice,Seouljongno jibong11load 30,Seouljongno changsin 23-256,prevention,2,200,360,30,13-Dec,02-2148-4301,37.576915,127.013834,2018-02-09
Seouljongnooffice,Seouljongno jibong 107,Seouljongno changsin 20-15,prevention,2,200,360,30,13-Dec,02-2148-4301,37.5796752,127.0150886,2018-02-09
Seouljongnooffice,Seouljongno jongno57load 8-13,Seouljongno soongin 133-3,prevention,2,200,360,30,13-Dec,02-2148-4301,37.5738075,127.0174841,2018-02-09
Seouljongnooffice,Seouljongno jibong12load 55,Seouljongno soongin 56-28,prevention,3,200,360,30,13-Dec,02-2148-4301,37.5786497,127.016229,2018-02-09
Seouljongnooffice,Seouljongno changsinload 156,Seouljongno changsin 609-4,prevention,1,130,360,30,11-Dec,02-2148-4301,37.5780949,127.0091405,2018-02-09
Seouljongnooffice,Seouljongno jibong12stload 9,Seouljongno soongin 59,prevention,3,200,360,30,13-Dec,02-2148-4301,37.5766865,127.0167915,2018-02-09
Seouljongnooffice,Seouljongno jibong8load 18-1,Seouljongno soongin 67-1,prevention,2,200,360,30,13-Dec,02-2148-4301,37.575525,127.016625,2018-02-09
Seouljongnooffice,Seouljongno jibong12load 31,Seouljongno soongin 57-8,prevention,2,200,360,30,13-Dec,02-2148-4301,37.5776079,127.016528,2018-02-09
Seouljongnooffice,Seouljongno bomun7load 6,Seouljongno soongin 350,prevention,3,200,360,30,13-Dec,02-2148-4301,37.577678,127.0225939,2018-02-09
Seouljongnooffice,Seouljongno jongno63load 15,Seouljongno soongin 72-190,prevention,3,200,360,30,13-Dec,02-2148-4301,37.5747225,127.0185147,2018-02-09
Seouljongnooffice,Seouljongno jongno63load 19,Seouljongno soongin 72-161,prevention,1,200,180,30,16-May,02-2148-4301,37.574987,127.018462,2018-02-09
Seouljongnooffice,Seouljongno soongin1stload 1-5,Seouljongno soongin 853,prevention,2,200,360,30,13-Dec,02-2148-4301,37.5768468,127.0209148,2018-02-09
Seouljongnooffice,Seouljongno soongin1-load 11,Seouljongno soongin 872,prevention,3,200,360,30,13-Dec,02-2148-4301,37.577224,127.020367,2018-02-09
Seouljongnooffice,Seouljongno jongno65load 26,Seouljongno soongin 178-61,prevention,3,200,360,30,13-Dec,02-2148-4301,37.5757189,127.019949,2018-02-09
Seouljongnooffice,Seouljongno jongno58load 30,Seouljongno soongin 242-1,prevention,2,200,360,30,11-Apr,02-2148-4301,37.5718063,127.0183927,2018-02-09
Seouljongnooffice,Seouljongno jongno58load 30,Seouljongno soongin 242-1,prevention,1,41,180,30,11-Apr,02-2148-4301,37.5718063,127.0183927,2018-02-09
Seouljongnooffice,Seouljongno jongno58load 27,Seouljongno soongin 238-2,prevention,3,200,360,30,13-Dec,02-2148-4301,37.5723581,127.0182618,2018-02-09
Seouljongnooffice,Seouljongno jongno 206,Seouljongno jongno5st 138-8,trans,1,200,360,30,04-Jul,02-2148-4301,37.5707664,127.0007639,2018-02-09
Seouljongnooffice,Seouljongno jongno 230-2,Seouljongno jongno5st 193-1,trans,1,200,360,30,04-Jul,02-2148-4301,37.570856,127.003426,2018-02-09
Seouljongnooffice,Seouljongno jongno 244-1,Seouljongno jongno5st 231-1,trans,1,200,360,30,04-Jul,02-2148-4301,37.570892,127.004876,2018-02-09
Seouljongnooffice,Seouljongno jongno 298,Seouljongno changsin 465,trans,1,200,360,30,04-Jul,02-2148-4301,37.571603,127.010982,2018-02-09
Seouljongnooffice,Seouljongno jongno52load 12,Seouljongno changsin 457-3,trans,1,200,360,30,15-Aug,02-2148-4301,37.571682,127.013098,2018-02-09
Seouljongnooffice,Seouljongno jongno54load 19,Seouljongno changsin 330-46,trans,1,200,360,30,15-Aug,02-2148-4301,37.571487,127.0141395,2018-02-09
Seouljongnooffice,Seouljongno jibong5load 4,Seouljongno changsin 81-2,trans,1,200,360,30,10-Jul,02-2148-4301,37.5743445,127.015555,2018-02-09
Seouljongnooffice,Seouljongno jibong 9,Seouljongno changsin 393-18,trans,1,200,360,30,07-Dec,02-2148-4301,37.570817,127.015704,2018-02-09
Seouljongnooffice,Seouljongno jibong 70,Seouljongno soongin 61-66,trans,1,200,360,30,07-Dec,02-2148-4301,37.576187,127.015667,2018-02-09
Seouljongnooffice,Seouljongno jibong 20,Seouljongno soongin 316-1,trans,1,200,360,30,07-Dec,02-2148-4301,37.5718941,127.0158638,2018-02-09
Seouljongnooffice,Seouljongno jongno 148-1,Seouljongno jongno3st 163,trans,1,200,360,30,04-Jul,02-2148-4301,37.570335,126.994048,2018-02-09
Seouljongnooffice,Seouljongno daehak10load 17,Seouljongno dongsung 1-67,trans,1,41,360,30,04-Jul,02-2148-4301,37.5817767,127.003388,2018-02-09
Seouljongnooffice,Seouljongno daehak8load 7,Seouljongno dongsung 1-111,trans,1,41,360,30,04-Jul,02-2148-4301,37.580846,127.003348,2018-02-09
Seouljongnooffice,Seouljongno daehak10load 11,Seouljongno dongsung 1-61,trans,1,41,360,30,04-Jul,02-2148-4301,37.5817768,127.002932,2018-02-09
Seouljongnooffice,Seouljongno daehak8stload 36,Seouljongno dongsung 1-57,trans,1,41,360,30,04-Jul,02-2148-4301,37.582597,127.002331,2018-02-09
Seouljongnooffice,Seouljongno insa5load 41,Seouljongno gongpyeong 1,trans,1,200,360,30,16-Feb,02-2148-4301,37.572246,126.984261,2018-02-09
Seouljongnooffice,Seouljongno bukchon 127,Seouljongno samchung 28-6,trans,1,200,360,30,12-Jul,02-2148-4301,37.586825,126.983524,2018-02-09
Seouljongnooffice,Seouljongno daehak 120,Seouljongno dongsung 1-27,trans,1,41,360,30,03-Jul,02-2148-4301,37.581865,127.002158,2018-02-09
Seouljongnooffice,Seouljongno semunan9load 9,Seouljongno shinmun1st 7-5,trans,1,200,360,30,17-Aug,02-2148-4301,37.570758,126.975946,2018-02-09
Seouljongnooffice,Seouljongno daehak 64,Seouljongno ehwa 149,trans,1,200,360,30,03-Jul,02-2148-4301,37.576884,127.002435,2018-02-09
Seouljongnooffice,Seouljongno daehak 93,Seouljongno yeongun 32-2,trans,1,200,360,30,03-Jul,02-2148-4301,37.579613,127.001991,2018-02-09
Seouljongnooffice,Seouljongno daehak 156,Seouljongno hyehwa 90-7,trans,1,200,360,30,13-Jun,02-2148-4301,37.585361,127.001662,2018-02-09
Seouljongnooffice,Seouljongno daemyeongload 3,Seouljongno myunglyun4st 1,trans,1,41,360,30,03-Jul,02-2148-4301,37.5833418,127.001499,2018-02-09
Seouljongnooffice,Seouljongno soongin1load 41,Seouljongno soongin 181-162,prevention,2,200,360,30,13-Dec,02-2148-4301,37.5765725,127.0196408,2018-02-09
Seouljongnooffice,Seouljongno nangye29load 49,Seouljongno soongin 201-18,prevention,3,200,360,30,13-Dec,02-2148-4301,37.573798,127.020395,2018-02-09
Seouljongnooffice,Seouljongno jongno58load 40,Seouljongno soongin 241-1,prevention,2,200,360,30,13-Dec,02-2148-4301,37.571539,127.018296,2018-02-09
Seouljongnooffice,Seouljongno soongin2load 30,Seouljongno soongin 553,prevention,3,200,360,30,13-Dec,02-2148-4301,37.5781388,127.020228,2018-02-09
Seouljongnooffice,Seouljongno soongin2load 41,Seouljongno soongin 577,prevention,3,200,360,30,13-Dec,02-2148-4301,37.577793,127.019584,2018-02-09
Seouljongnooffice,Seouljongno soonginload 40,Seouljongno soongin 750,prevention,3,200,360,30,13-Dec,02-2148-4301,37.5769395,127.0220012,2018-02-09
Seouljongnooffice,Seouljongno jongno67load 41,Seouljongno soongin 181-127,prevention,1,130,360,30,12-Feb,02-2148-4301,37.576685,127.0202253,2018-02-09
Seouljongnooffice,Seouljongno jongno67load 41,Seouljongno soongin 181-127,prevention,2,200,180,30,12-Feb,02-2148-4301,37.576685,127.0202253,2018-02-09
Seouljongnooffice,Seouljongno soongin1load 42-11,Seouljongno soongin 181-92,prevention,2,200,180,30,16-Dec,02-2148-4301,37.576777,127.020067,2018-02-09
Seouljongnooffice,Seouljongno bomun 3,Seouljongno soongin 1248,prevention,3,200,360,30,13-Dec,02-2148-4301,37.5759281,127.0229556,2018-02-09
Seouljongnooffice,Seouljongno jongno63stload 46,Seouljongno soongin 179-46,prevention,2,200,360,30,13-Dec,02-2148-4301,37.576073,127.018852,2018-02-09
Seouljongnooffice,Seouljongno bomun9load 3-6,Seouljongno soongin 386,prevention,3,200,360,30,13-Dec,02-2148-4301,37.5781899,127.0225795,2018-02-09
Seouljongnooffice,Seouljongno jongno65load 20-14,Seouljongno soongin 178-64,prevention,1,130,360,30,12-Feb,02-2148-4301,37.575713,127.020624,2018-02-09
Seouljongnooffice,Seouljongno jongno65load 20-14,Seouljongno soongin 178-64,prevention,3,200,180,30,12-Feb,02-2148-4301,37.575713,127.020624,2018-02-09
Seouljongnooffice,Seouljongno segumjeong 260,Seouljongno shinyoung 131-1,prevention,1,200,360,30,13-Feb,02-2148-4301,37.6016444,126.961221,2018-02-09
Seouljongnooffice,Seouljongno segumjeong 260,Seouljongno shinyoung 131-1,prevention,2,130,180,30,13-Feb,02-2148-4301,37.6016444,126.961221,2018-02-09
Seouljongnooffice,Seouljongno pyeongchang24load 24,Seouljongno pyeongchang 108-9,prevention,1,200,360,30,13-Feb,02-2148-4301,37.6090264,126.9764028,2018-02-09
Seouljongnooffice,Seouljongno pyeongchang24load 24,Seouljongno pyeongchang 108-9,prevention,2,130,180,30,13-Feb,02-2148-4301,37.6090264,126.9764028,2018-02-09
Seouljongnooffice,Seouljongno hongjimunload 88,Seouljongno gugi 55-17,prevention,1,200,360,30,13-Feb,02-2148-4301,37.6060109,126.9576508,2018-02-09
Seouljongnooffice,Seouljongno hongjimunload 88,Seouljongno gugi 55-17,prevention,2,130,180,30,13-Feb,02-2148-4301,37.6060109,126.9576508,2018-02-09
Seouljongnooffice,Seouljongno sajik1stload 10,Seouljongno hangchon 1-83,prevention,1,200,360,30,13-Feb,02-2148-4301,37.5732944,126.9633656,2018-02-09
Seouljongnooffice,Seouljongno sajik1stload 10,Seouljongno hangchon 1-83,prevention,2,130,180,30,13-Feb,02-2148-4301,37.5732944,126.9633656,2018-02-09
Seouljongnooffice,Seouljongno supyo28load 17,Seouljongno iksun 166-55,prevention,1,200,360,30,13-Feb,02-2148-4301,37.5728796,126.9895228,2018-02-09
Seouljongnooffice,Seouljongno hyehwa 50,Seouljongno hyehwa 9-11,trans,1,41,360,30,11-Nov,02-2148-4301,37.5897702,126.999288,2018-02-09
Seouljongnooffice,Seouljongno yulgog 235,Seouljongno chungshin 52-2,trans,1,200,360,30,12-Jul,02-2148-4301,37.575796,127.004999,2018-02-09
Seouljongnooffice,Seouljongno changgyeonggung 237,Seouljongno myunglyun2st 231,trans,1,200,360,30,12-Jul,02-2148-4301,37.583066,126.998612,2018-02-09
Seouljongnooffice,Seouljongno semunan 96,Seouljongno shinmun1st 135-2,trans,1,200,360,30,12-Dec,02-2148-4301,37.5699813,126.9755031,2018-02-09
Seouljongnooffice,Seouljongno jongno 322,Seouljongno changsin 352-1,trans,1,200,360,30,13-Jun,02-2148-4301,37.572264,127.013519,2018-02-09
Seouljongnooffice,Seouljongno sajik 73,Seouljongno sajik 228,trans,1,200,360,30,13-Aug,02-2148-4301,37.574907,126.967722,2018-02-09
Seouljongnooffice,Seouljongno bukakmt 267,Seouljongno pyeongchang mt 6-17,trans,1,200,360,30,13-Aug,02-2148-4301,37.601961,126.9805359,2018-02-09
Seouljongnooffice,Seouljongno jongno 347,Seouljongno soongin 76,trans,1,200,360,30,13-Dec,02-2148-4301,37.573966,127.015773,2018-02-09
Seouljongnooffice,Seouljongno changuimun 51,Seouljongno chungun 89-143,trans,1,200,360,30,13-Dec,02-2148-4301,37.588486,126.972215,2018-02-09
Seouljongnooffice,Seouljongno bukchon15load 23-5,Seouljongno samchung 28-7,trans,1,200,360,30,13-Dec,02-2148-4301,37.585919,126.983717,2018-02-09
Seouljongnooffice,Seouljongno hyehwa 63,Seouljongno myunglyun1st 1,trans,1,41,360,30,05-May,02-2148-4301,37.591985,126.999253,2018-02-09
Seouljongnooffice,Seouljongno changuimun5stload 1,Seouljongno buam 329-24,trans,1,200,360,30,14-Aug,02-2148-4301,37.591651,126.963641,2018-02-09
Seouljongnooffice,Seouljongno changuimun 149,Seouljongno buam 278-5,trans,1,200,360,30,14-Sep,02-2148-4301,37.593134,126.963797,2018-02-09
Seouljongnooffice,Seouljongno jahamun 235,Seouljongno buam 203-4,trans,1,200,360,30,14-Aug,02-2148-4301,37.595247,126.963534,2018-02-09
Seouljongnooffice,Seouljongno segumjeong6load 51-4,Seouljongno shinyoung 140-1,disaster,1,200,360,30,14-Jul,02-2148-4301,37.600281,126.961883,2018-02-09
Seouljongnooffice,Seouljongno segumjeong9load 1,Seouljongno shinyoung 219-4,disaster,1,200,360,30,14-Jul,02-2148-4301,37.603375,126.9620139,2018-02-09
Seouljongnooffice,Seouljongno segumjeong,Seouljongno hongji 72-7,disaster,1,200,360,30,16-Nov,02-2148-4301,37.600282,126.957949,2018-02-09
Seouljongnooffice,Seouljongno jahamun28stload 8,Seouljongno chungun 89-20,prevention,2,200,360,30,13-Feb,02-2148-4301,37.5858399,126.9716678,2018-02-09
Seouljongnooffice,Seouljongno supyo20load 13,Seouljongno jongno3st 110,prevention,1,200,360,30,13-Feb,02-2148-4301,37.569941,126.990356,2018-02-09
Seouljongnooffice,Seouljongno supyo20load 13,Seouljongno jongno3st 110,prevention,1,130,180,30,13-Feb,02-2148-4301,37.569941,126.990356,2018-02-09
Seouljongnooffice,Seouljongno daehak11load 27,Seouljongno myunglyun4st 80-1,multi,2,200,360,30,13-Feb,02-2148-4301,37.5820976,127.0000597,2018-02-09
Seouljongnooffice,Seouljongno daehak11load 27,Seouljongno myunglyun4st 80-1,multi,2,130,180,30,13-Feb,02-2148-4301,37.5820976,127.0000597,2018-02-09
Seouljongnooffice,Seouljongno jibong 85-64,Seouljongno changsin 23-87,prevention,1,200,360,30,13-Feb,02-2148-4301,37.5774038,127.0147411,2018-02-09
Seouljongnooffice,Seouljongno jibong 85-64,Seouljongno changsin 23-87,prevention,2,130,180,30,13-Feb,02-2148-4301,37.5774038,127.0147411,2018-02-09
Seouljongnooffice,Seouljongno jibong14load 6,Seouljongno soongin 53-24,prevention,1,200,360,30,13-Feb,02-2148-4301,37.5780899,127.0157752,2018-02-09
Seouljongnooffice,Seouljongno jibong14load 6,Seouljongno soongin 53-24,prevention,2,130,180,30,13-Feb,02-2148-4301,37.5780899,127.0157752,2018-02-09
Seouljongnooffice,Seouljongno jongno62load 10,Seouljongno soongin 227-7,prevention,1,200,360,30,13-Feb,02-2148-4301,37.573382,127.019125,2018-02-09
Seouljongnooffice,Seouljongno supyo28load 17,Seouljongno iksun 166-55,prevention,1,130,180,30,13-Feb,02-2148-4301,37.5728796,126.9895228,2018-02-09
Seouljongnooffice,Seouljongno jongno62load 10,Seouljongno soongin 227-7,prevention,2,130,180,30,13-Feb,02-2148-4301,37.573382,127.019125,2018-02-09
Seouljongnooffice,Seouljongno dongsungload 101,Seouljongno dongsung 1-83,prevention,1,200,360,30,13-Feb,02-2148-4301,37.582684,127.0039087,2018-02-09
Seouljongnooffice,Seouljongno dongsungload 101,Seouljongno dongsung 1-83,prevention,1,130,180,30,13-Feb,02-2148-4301,37.582684,127.0039087,2018-02-09
Seouljongnooffice,Seouljongno changsinload 12,Seouljongno changsin 56,prevention,1,200,360,30,13-Feb,02-2148-4301,37.5722637,127.0107339,2018-02-09
Seouljongnooffice,Seouljongno changsinload 12,Seouljongno changsin 56,prevention,1,130,180,30,13-Feb,02-2148-4301,37.5722637,127.0107339,2018-02-09
Seouljongnooffice,Seouljongno tongil16load 3,Seouljongno muak 67-1,prevention,4,200,360,30,13-Dec,02-2148-4301,37.5756754,126.957208,2018-02-09
Seouljongnooffice,Seouljongno tongil12load 58-2,Seouljongno hangchon 210-118,prevention,4,200,360,30,13-Dec,02-2148-4301,37.5747974,126.9618712,2018-02-09
Seouljongnooffice,Seouljongno filundae 23,Seouljongno nuha 251,prevention,3,200,360,30,13-Dec,02-2148-4301,37.5781263,126.9692999,2018-02-09
Seouljongnooffice,Seouljongno okin6load 54,Seouljongno nusang 166-251,prevention,4,200,360,30,13-Dec,02-2148-4301,37.5798331,126.964863,2018-02-09
Seouljongnooffice,Seouljongno changuimun5load 59,Seouljongno buam 338-29,prevention,3,200,360,30,13-Dec,02-2148-4301,37.5896975,126.9639306,2018-02-09
Seouljongnooffice,Seouljongno pyeongchang12load 8-15,Seouljongno pyeongchang 166,prevention,4,200,360,30,13-Dec,02-2148-4301,37.6067505,126.9682717,2018-02-09
Seouljongnooffice,Seouljongno bibongload 15,Seouljongno gugi 150,prevention,4,200,360,30,13-Dec,02-2148-4301,37.609918,126.956509,2018-02-09
Seouljongnooffice,Seouljongno jongno44load 29,Seouljongno changsin 430-9,prevention,3,200,360,30,13-Dec,02-2148-4301,37.5706895,127.0118791,2018-02-09
Seouljongnooffice,Seouljongno donhwamun9load 26,Seouljongno donui 78,prevention,3,200,360,30,13-Dec,02-2148-4301,37.5717116,126.9905308,2018-02-09
Seouljongnooffice,Seouljongno jahamun36load 16,Seouljongno chungun 15,prevention,3,200,360,30,13-Dec,02-2148-4301,37.5902682,126.9683383,2018-02-09
Seouljongnooffice,Seouljongno jahamun 3,Seouljongno naeja 1-3,prevention,3,200,360,30,13-Dec,02-2148-4301,37.576533,126.972396,2018-02-09
Seouljongnooffice,Seouljongno yulgog3load 49,Seouljongno songhyeon 34,prevention,3,200,360,30,13-Dec,02-2148-4301,37.5772909,126.9824854,2018-02-09
Seouljongnooffice,Seouljongno segumjeong9load 51,Seouljongno shinyoung 234-3,prevention,3,200,360,30,13-Dec,02-2148-4301,37.6052618,126.9601809,2018-02-09
Seouljongnooffice,Seouljongno changdukggung3load 33,Seouljongno wonseo 76-47,prevention,3,200,360,30,13-Dec,02-2148-4301,37.5824463,126.9884267,2018-02-09
Seouljongnooffice,Seouljongno jongno11load 9-20,Seouljongno insa 243,prevention,3,200,360,30,13-Dec,02-2148-4301,37.5709003,126.9849533,2018-02-09
Seouljongnooffice,Seouljongno supyo26load 22,Seouljongno donui 103-27,prevention,3,200,360,30,13-Dec,02-2148-4301,37.572288,126.990321,2018-02-09
Seouljongnooffice,Seouljongno yulgog23load 1,Seouljongno chungshin 35-14,prevention,3,200,360,30,13-Dec,02-2148-4301,37.5750473,127.0060536,2018-02-09
Seouljongnooffice,Seouljongno sungkyunkwan5load 29,Seouljongno myunglyun3st 72-7,prevention,4,200,360,30,13-Dec,02-2148-4301,37.5846265,126.9959455,2018-02-09
Seouljongnooffice,Seouljongno jibong11load 13,Seouljongno changsin 128-23,prevention,3,200,360,30,13-Dec,02-2148-4301,37.576778,127.014604,2018-02-09
Seouljongnooffice,Seouljongno dongsung4stload 7,Seouljongno dongsung 2-22,prevention,3,200,360,30,13-Dec,02-2148-4301,37.583598,127.004093,2018-02-09
Seouljongnooffice,Seouljongno daehak5load 16,Seouljongno yeongun 93-13,prevention,3,200,360,30,13-Dec,02-2148-4301,37.5785406,127.0011013,2018-02-09
Seouljongnooffice,Seouljongno changgyeonggung35stload 22,Seouljongno hyehwa 71-20,prevention,4,200,360,30,13-Dec,02-2148-4301,37.5874325,127.0007155,2018-02-09
Seouljongnooffice,Seouljongno hyehwa12load 24,Seouljongno hyehwa 6-20,prevention,4,200,360,30,13-Dec,02-2148-4301,37.5900394,127.0001129,2018-02-09
Seouljongnooffice,Seouljongno changsin8load 42-2,Seouljongno changsin 23-619,prevention,3,200,360,30,13-Dec,02-2148-4301,37.577618,127.0109198,2018-02-09
Seouljongnooffice,Seouljongno jibong14load 37,Seouljongno soongin 49-1,prevention,3,200,360,30,13-Dec,02-2148-4301,37.5792075,127.016477,2018-02-09
Seouljongnooffice,Seouljongno jongno 368,Seouljongno soongin 221,prevention,3,200,360,30,13-Dec,02-2148-4301,37.573631,127.018361,2018-02-09
Seouljongnooffice,Seouljongno jahamun21load 10,Seouljongno shinkyo 17-3,prevention,3,200,360,30,14-Dec,02-2148-4301,37.5831699,126.969674,2018-02-09
Seouljongnooffice,Seouljongno jahamun1-load 3-2,Seouljongno chebu 188,prevention,3,200,360,30,14-Dec,02-2148-4301,37.576792,126.971567,2018-02-09
Seouljongnooffice,Seouljongno bukchon1load 28,Seouljongno angook 75-5,prevention,3,200,360,30,14-Dec,02-2148-4301,37.5772561,126.984081,2018-02-09
Seouljongnooffice,Seouljongno changuimun5-load 22-2,Seouljongno buam 342-6,prevention,3,200,360,30,14-Dec,02-2148-4301,37.5888856,126.962786,2018-02-09
Seouljongnooffice,Seouljongno tongil 266,Seouljongno muak 63-9,prevention,3,200,360,30,14-Dec,02-2148-4301,37.576094,126.956799,2018-02-09
Seouljongnooffice,Seouljongno sajik1load 47,Seouljongno hangchon 210-196,prevention,4,200,360,30,14-Dec,02-2148-4301,37.574193,126.961832,2018-02-09
Seouljongnooffice,Seouljongno bukchon6load 13-2,Seouljongno stheoi 192,prevention,3,200,360,30,14-Dec,02-2148-4301,37.5802588,126.9857223,2018-02-09
Seouljongnooffice,Seouljongno jongno18load 21,Seouljongno kwansu 52-1,prevention,3,200,360,30,14-Dec,02-2148-4301,37.569303,126.991397,2018-02-09
Seouljongnooffice,Seouljongno changgyeonggung16load 26,Seouljongno yeonji 110-1,prevention,3,200,360,30,14-Dec,02-2148-4301,37.5743723,126.9990035,2018-02-09
Seouljongnooffice,Seouljongno dongsung4-load 9,Seouljongno dongsung 4-69,prevention,3,200,360,30,14-Dec,02-2148-4301,37.584029,127.005804,2018-02-09
Seouljongnooffice,Seouljongno myunglyunload 2,Seouljongno myunglyun1st 15,prevention,4,200,360,30,14-Dec,02-2148-4301,37.587797,126.996615,2018-02-09
Seouljongnooffice,Seouljongno daehak14load 17,Seouljongno hyehwa 163-33,prevention,3,200,360,30,14-Dec,02-2148-4301,37.584109,127.002574,2018-02-09
Seouljongnooffice,Seouljongno changsin5-load 23-2,Seouljongno changsin 138-85,prevention,4,200,360,30,14-Dec,02-2148-4301,37.574158,127.013057,2018-02-09
Seouljongnooffice,Seouljongno changsin8load 3,Seouljongno changsin 596-12,prevention,4,200,360,30,14-Dec,02-2148-4301,37.576761,127.010203,2018-02-09
Seouljongnooffice,Seouljongno pyeongchang8load 12,Seouljongno pyeongchang 270,prevention,3,200,360,30,14-Dec,02-2148-4301,37.604114,126.966337,2018-02-09
Seouljongnooffice,Seouljongno jibong13stload 35,Seouljongno changsin 23-694,prevention,3,200,360,30,14-Dec,02-2148-4301,37.577412,127.013221,2018-02-09
Seouljongnooffice,Seouljongno jongno57load 22,Seouljongno soongin 72-47,prevention,3,200,360,30,14-Dec,02-2148-4301,37.574198,127.016569,2018-02-09
Seouljongnooffice,Seouljongno nangye25load 68,Seouljongno soongin 232-15,prevention,4,200,360,30,14-Dec,02-2148-4301,37.5719447,127.019333,2018-02-09
Seouljongnooffice,Seouljongno gyeonghuigungload 10-2,Seouljongno shinmun2st 1-241,prevention,2,200,360,30,15-Dec,02-2148-4301,37.571228,126.971964,2018-02-09
Seouljongnooffice,Seouljongno gyeonghuigung1load 1,Seouljongno shinmun2st 1-153,prevention,1,200,180,30,15-Dec,02-2148-4301,37.570626,126.971932,2018-02-09
Seouljongnooffice,Seouljongno changuimun11load 20,Seouljongno buam 370-1,prevention,3,200,360,30,15-Dec,02-2148-4301,37.593637,126.961641,2018-02-09
Seouljongnooffice,Seouljongno changuimun5stload 18,Seouljongno buam 323,prevention,3,200,360,30,15-Dec,02-2148-4301,37.590436,126.962551,2018-02-09
Seouljongnooffice,Seouljongno tongil12load 16-20,Seouljongno hangchon 206-14,prevention,2,200,360,30,15-Dec,02-2148-4301,37.572896,126.961063,2018-02-09
Seouljongnooffice,Seouljongno changgyeonggung21load 9,Seouljongno wonnam 244-7,prevention,3,200,360,30,15-Dec,02-2148-4301,37.575096,126.996854,2018-02-09
Seouljongnooffice,Seouljongno jongno35stload 7-15,Seouljongno hyoje 214,prevention,2,200,360,30,15-Dec,02-2148-4301,37.572493,127.004357,2018-02-09
Seouljongnooffice,Seouljongno nakmt3load 27,Seouljongno dongsung 201-33,prevention,2,200,360,30,15-Dec,02-2148-4301,37.579381,127.006346,2018-02-09
Seouljongnooffice,Seouljongno changgyeonggung31load 24,Seouljongno myunglyun2st 159-2,prevention,2,200,360,30,15-Dec,02-2148-4301,37.584219,126.998501,2018-02-09
